id,Exited
15000,0.016462454389926627
15001,0.017644096981800597
15002,0.08634695739853632
15003,0.014856517636721378
15004,0.2027644202140778
15005,0.7386042470628617
15006,0.022551332683739992
15007,0.023857896995565245
15008,0.07427499097506482
15009,0.5168960579270153
15010,0.028057816176628204
15011,0.1594049380522042
15012,0.9389315902440164
15013,0.2935413878729227
15014,0.630260314188742
15015,0.01466391581202154
15016,0.04577700073041728
15017,0.009293230121233138
15018,0.10628096682721211
15019,0.055948339538638245
15020,0.034631692039403944
15021,0.27086320288066207
15022,0.1380651224564347
15023,0.014563237605706944
15024,0.021760535590026248
15025,0.19723558174259154
15026,0.0037626163323774054
15027,0.017182554614087176
15028,0.03318846710733632
15029,0.016828853077629803
15030,0.24984567442169503
15031,0.06565525774854293
15032,0.5546063587624662
15033,0.24025084919897538
15034,0.3420813442404505
15035,0.0064815698051292935
15036,0.05341524627107815
15037,0.09003348848665536
15038,0.012300452321201898
15039,0.005468339652262082
15040,0.665894521434923
15041,0.24222437403902955
15042,0.0700571512891706
15043,0.004820007276240199
15044,0.16167016362460532
15045,0.01650570352810615
15046,0.026770043579094373
15047,0.050327026581917386
15048,0.05407926922393349
15049,0.011030152996525256
15050,0.0660898777525582
15051,0.0055331176733070305
15052,0.026376055657525824
15053,0.018188439537693942
15054,0.8958940754112412
15055,0.02228228729235061
15056,0.549522433746748
15057,0.05176777575996725
15058,0.23211569070169014
15059,0.9105207326790368
15060,0.0232597269656683
15061,0.004644256500401258
15062,0.007611636192543883
15063,0.9801735506129197
15064,0.005293897788178169
15065,0.7311929523214756
15066,0.09794625882693747
15067,0.008041104860085075
15068,0.0722170642962757
15069,0.2865980231884324
15070,0.19844666854145476
15071,0.9145194606846426
15072,0.6219781363024686
15073,0.07754524502380464
15074,0.24689253292551797
15075,0.15815681035763995
15076,0.0043964245552772716
15077,0.3114476827682308
15078,0.09127998805415957
15079,0.03830372861571601
15080,0.25146589558410154
15081,0.16611498861367285
15082,0.009462233195839031
15083,0.7157734904152929
15084,0.012196104656346041
15085,0.014462938551476496
15086,0.31424746951233135
15087,0.10526252473041588
15088,0.1793136477059636
15089,0.07131482494724004
15090,0.004464903992552357
15091,0.07437819441181888
15092,0.005883186664824205
15093,0.3142535571158417
15094,0.016609673625076746
15095,0.014132272573736273
15096,0.945363835966337
15097,0.016183763543444522
15098,0.5536031681668017
15099,0.0644147330887896
15100,0.7961276727342337
15101,0.004787810549634885
15102,0.15966604517689648
15103,0.004129105845629894
15104,0.01987870794623422
15105,0.028672552209615784
15106,0.941581358805043
15107,0.2533661683176324
15108,0.016119217844650414
15109,0.8553777570442682
15110,0.5766340984565825
15111,0.05365708629800747
15112,0.2024380279396632
15113,0.021019428279686895
15114,0.016176117527013173
15115,0.04329277833300113
15116,0.11147198234096602
15117,0.03220892396672557
15118,0.060580717601282565
15119,0.13796494963201772
15120,0.011911296762467436
15121,0.054894939972706995
15122,0.10054673852901719
15123,0.03993144401491635
15124,0.9474294381773964
15125,0.012925364829620051
15126,0.9241383868148451
15127,0.03126556913267349
15128,0.26527366661727286
15129,0.008413757883333407
15130,0.8966940733226145
15131,0.268892757829123
15132,0.207301871662738
15133,0.28469034504162244
15134,0.4515840654351079
15135,0.4922506398707713
15136,0.0182469560517321
15137,0.064068474271558
15138,0.0119544109014235
15139,0.08484249471441499
15140,0.01742448419276318
15141,0.03288536687481226
15142,0.30724986492454404
15143,0.022853172635070265
15144,0.6737312281499004
15145,0.07234337648798736
15146,0.07515850464795128
15147,0.01464063574072573
15148,0.8966378988427699
15149,0.41304761872594625
15150,0.3333607683765173
15151,0.03414825112480825
15152,0.19747465287085259
15153,0.05443607331679745
15154,0.16859603374708712
15155,0.010778320657637154
15156,0.01363454840713365
15157,0.01897332862880186
15158,0.013927594700568752
15159,0.7032172345538372
15160,0.08136748895739856
15161,0.05198173656948385
15162,0.015919902644118345
15163,0.1372096702522483
15164,0.8089544382078694
15165,0.02053444599088151
15166,0.4632107680845207
15167,0.21777787708880303
15168,0.12376730665753374
15169,0.7996970312982649
15170,0.05441717550102147
15171,0.0039412380267547535
15172,0.1608948626762343
15173,0.8875010142524014
15174,0.006128818927654179
15175,0.004420686122495812
15176,0.1347722620043027
15177,0.036331265258319874
15178,0.932547225665738
15179,0.01714579662499942
15180,0.027039271351300114
15181,0.17950307487971698
15182,0.014580970641164495
15183,0.8993550502078943
15184,0.020308733747184258
15185,0.2637012608702163
15186,0.42866722267162577
15187,0.1722783142862492
15188,0.22024858383618107
15189,0.09724498098175825
15190,0.14443466276205724
15191,0.8068333399291309
15192,0.09744131816854792
15193,0.7499403886115336
15194,0.7737935595053268
15195,0.1636786347937831
15196,0.7495726081523262
15197,0.8803726311510836
15198,0.07470107869570414
15199,0.38280265930318663
15200,0.005006331991249221
15201,0.4764081950953837
15202,0.044475166528882344
15203,0.21641335615736942
15204,0.004322102935721668
15205,0.03204258046505001
15206,0.0051846120530375135
15207,0.051922190575047746
15208,0.02272169555303789
15209,0.005596659289095277
15210,0.17492948898661126
15211,0.004756009924899971
15212,0.7237835035005109
15213,0.06143798466550938
15214,0.22528550932114938
15215,0.011946642039678317
15216,0.01767665410103075
15217,0.16360640938417506
15218,0.3306880681434327
15219,0.010681193191040517
15220,0.06431598810576766
15221,0.016987099297851912
15222,0.015592148662942347
15223,0.018435522067994106
15224,0.06108192129730899
15225,0.01425783070046642
15226,0.14972214753133328
15227,0.8475534921815524
15228,0.013992234807941204
15229,0.004157674526420057
15230,0.0061223208627449385
15231,0.10603386306870899
15232,0.0033841267255969544
15233,0.034348728071195336
15234,0.2355722560554319
15235,0.014741735479563065
15236,0.37389442455802635
15237,0.07505273658774132
15238,0.18235152376686742
15239,0.006482829086222698
15240,0.9616328015808118
15241,0.9110483217440453
15242,0.07236688031311528
15243,0.6104516537985262
15244,0.7609401433561572
15245,0.23927627131318105
15246,0.013852169582454237
15247,0.2368090249488411
15248,0.020814725236754015
15249,0.10033706942915606
15250,0.022041924502626317
15251,0.009700842477125328
15252,0.12171078107222372
15253,0.03502492857698603
15254,0.26838189325713524
15255,0.2609554281401585
15256,0.035307398118875205
15257,0.00443774884568732
15258,0.0357077018667674
15259,0.14177543680807986
15260,0.024658441323532662
15261,0.4640345288409938
15262,0.02227743064462573
15263,0.008735929669541502
15264,0.1209969178193659
15265,0.012165838067312702
15266,0.01184609792677143
15267,0.01800053412720225
15268,0.016335685939074484
15269,0.035620001559016685
15270,0.0368411351806572
15271,0.012908073363002941
15272,0.014774718643059674
15273,0.3036315871368205
15274,0.01913019494079679
15275,0.05036460514559857
15276,0.0063145564546423895
15277,0.2635364217888303
15278,0.021070358703330374
15279,0.9394500373218041
15280,0.00922344532163772
15281,0.056137854473706686
15282,0.7096166114309613
15283,0.9592547748303386
15284,0.004850090633957261
15285,0.044855134260657264
15286,0.6065870365174023
15287,0.40432906050783396
15288,0.027118952577737873
15289,0.039269356244065134
15290,0.018992131555308888
15291,0.02702961149923479
15292,0.7124304128464414
15293,0.08818198401903737
15294,0.01529966532963522
15295,0.03186505680995274
15296,0.029864063345089918
15297,0.02078531563963453
15298,0.06435372146393735
15299,0.07404275428640292
15300,0.02670820300925926
15301,0.61712742913062
15302,0.8560709231578975
15303,0.024910437114631933
15304,0.2500094375729988
15305,0.10885012223776663
15306,0.027599355203209948
15307,0.5230053499509059
15308,0.014419103050661328
15309,0.013948546892025182
15310,0.004952902743869762
15311,0.027223872659502272
15312,0.741155676110413
15313,0.22332048298368204
15314,0.013603571016406555
15315,0.1347210690467415
15316,0.050856775873796944
15317,0.4883938705926621
15318,0.021525729702655615
15319,0.2852237488813951
15320,0.013476823084355218
15321,0.05484126005555838
15322,0.8859688327824626
15323,0.02807239438233419
15324,0.03803296982306112
15325,0.04498057051728278
15326,0.016808562046671586
15327,0.9173161645934559
15328,0.03196851328091224
15329,0.11218065824444937
15330,0.013816228046313687
15331,0.005026353163289135
15332,0.753543376288304
15333,0.0996855928645628
15334,0.7471405025907896
15335,0.8883245430478556
15336,0.7101254565912126
15337,0.057561460871308645
15338,0.09330948923234555
15339,0.9491167998383694
15340,0.05732906228903051
15341,0.9456521666254827
15342,0.04954294728670934
15343,0.009619604346174
15344,0.005295509898836769
15345,0.10046197323486782
15346,0.0227646027041752
15347,0.4102504264821164
15348,0.18108242124223228
15349,0.017422884812580544
15350,0.016595077177034154
15351,0.9363161129586477
15352,0.010960557203539755
15353,0.1837445351528324
15354,0.03207272068517169
15355,0.4025591861463625
15356,0.27587356707064087
15357,0.6203050339839649
15358,0.03605174731104676
15359,0.0073216383883483215
15360,0.012465745362922796
15361,0.5712437591300482
15362,0.262661849560365
15363,0.005828827956493262
15364,0.33196283770807833
15365,0.07911415489818684
15366,0.005382875968318561
15367,0.08543404122302682
15368,0.015732391688928274
15369,0.9506289038534527
15370,0.08582980059464632
15371,0.053182680762947084
15372,0.0415023843181899
15373,0.20617250020221203
15374,0.004221995440269171
15375,0.5249842620475507
15376,0.027057349354654488
15377,0.0042784440807634196
15378,0.020751404745444905
15379,0.15765680340851176
15380,0.6501714679996101
15381,0.014167968246485935
15382,0.025686755852566814
15383,0.4213166394126652
15384,0.021340732881320483
15385,0.03007576792362522
15386,0.15782626191843574
15387,0.8847436159225868
15388,0.07150992531725256
15389,0.04860488432559554
15390,0.09465184106636532
15391,0.24462523862859076
15392,0.08167793688092635
15393,0.17646865521457006
15394,0.003916085286087492
15395,0.6780336158170249
15396,0.01966693638575382
15397,0.08701106270694126
15398,0.7921297244409843
15399,0.0115771547229991
15400,0.022971678376769042
15401,0.02070113539440719
15402,0.09329563802633506
15403,0.9666253200498702
15404,0.14791990612883624
15405,0.023756719430447115
15406,0.9437782780370206
15407,0.07600019560985578
15408,0.05469557457071275
15409,0.1181118314157773
15410,0.04374125188119157
15411,0.010501698130861475
15412,0.05457631871730107
15413,0.026709756528622345
15414,0.7434298583656579
15415,0.3521474557571256
15416,0.34481560032840197
15417,0.08408672206561922
15418,0.007147396287689155
15419,0.9716326805144604
15420,0.058806010738634555
15421,0.013659016112702385
15422,0.02854662276669226
15423,0.31901961222294395
15424,0.02707768262519906
15425,0.010754649677406459
15426,0.6194874402225615
15427,0.023066449745682713
15428,0.3098375784065727
15429,0.8503757743574374
15430,0.8608325027892476
15431,0.08013489297217255
15432,0.4322685174506195
15433,0.030307574974531213
15434,0.004178156221459086
15435,0.7741075304004688
15436,0.37597584316011057
15437,0.06470822516286509
15438,0.0042807602437695755
15439,0.035763976843324725
15440,0.7703063190429877
15441,0.6988091088981213
15442,0.05803012245118972
15443,0.12214277291560699
15444,0.017305241648303465
15445,0.02409766117233656
15446,0.15105498900457562
15447,0.005018727904762007
15448,0.00324104976578751
15449,0.2657713872325747
15450,0.08225847349481025
15451,0.602533241986509
15452,0.020193834466345543
15453,0.03955363074730468
15454,0.7850346460172578
15455,0.016546965182681964
15456,0.29920623062026536
15457,0.9115652000695121
15458,0.01315241372317707
15459,0.012909619701334077
15460,0.04851859119547762
15461,0.013223276496141058
15462,0.017265993261985274
15463,0.05752033811049122
15464,0.008661679338025934
15465,0.7418970967939917
15466,0.03988020478412843
15467,0.9209501907407087
15468,0.00560520366817637
15469,0.12100289191861861
15470,0.029400687927119192
15471,0.021192173338715686
15472,0.007602064723069552
15473,0.47839070369264364
15474,0.03689114641270089
15475,0.02472372926736345
15476,0.009217904373618586
15477,0.03767775681026649
15478,0.05956867894610309
15479,0.7288728235202575
15480,0.004708485001148005
15481,0.005146661872259377
15482,0.03152756122268553
15483,0.9327608909564974
15484,0.08260431506691694
15485,0.07021121527343178
15486,0.8563469104062181
15487,0.04564506071892061
15488,0.2341688420786601
15489,0.875686134479761
15490,0.13079903799684506
15491,0.7500581881679267
15492,0.04095247399515922
15493,0.028325148618342778
15494,0.036683086880063484
15495,0.8056573072802788
15496,0.02597355084357676
15497,0.008391851118155836
15498,0.28633891870036754
15499,0.05893335586816132
15500,0.016173943943461996
15501,0.03864459643890469
15502,0.02777648198695177
15503,0.07723383011388242
15504,0.0055759594264839195
15505,0.07469299756561008
15506,0.0033756659060932143
15507,0.14799038031724066
15508,0.007825016909783478
15509,0.010043650940347688
15510,0.600953896129262
15511,0.5340505517391719
15512,0.38747282021683177
15513,0.2573775798450357
15514,0.021614789614252873
15515,0.1265473329564989
15516,0.5849783063423595
15517,0.9016128760294714
15518,0.03598399891091832
15519,0.9417464945858294
15520,0.28023904349547
15521,0.18902869728376215
15522,0.04822479047839558
15523,0.04062083687396068
15524,0.02221141638527075
15525,0.034843329260901196
15526,0.006400895999979318
15527,0.11491370574064698
15528,0.8785871188602025
15529,0.7243406533725059
15530,0.833890236725987
15531,0.003816637681503542
15532,0.03743356728498361
15533,0.1712511900236781
15534,0.5460878261262467
15535,0.4695718551370111
15536,0.02759117886502111
15537,0.29142199684910347
15538,0.006090036065687822
15539,0.03607554932588906
15540,0.13699627647965779
15541,0.1479850660404422
15542,0.605360409341941
15543,0.09514767454221143
15544,0.4416994549336071
15545,0.079406309158642
15546,0.4507074559988595
15547,0.0723237971216898
15548,0.013843185494148827
15549,0.019209701972241897
15550,0.27060243821483737
15551,0.1750033267927723
15552,0.004345052176067998
15553,0.013468414679249136
15554,0.033266688899802055
15555,0.17801174067275496
15556,0.024032889073156437
15557,0.03372379717162332
15558,0.04353668313814367
15559,0.07893668374454356
15560,0.016260126854493642
15561,0.004332831406518987
15562,0.023070978359783965
15563,0.009312898800893277
15564,0.05039559024698206
15565,0.11108530656662716
15566,0.5701365624050083
15567,0.8781006677833867
15568,0.029865480484879563
15569,0.020716458366404393
15570,0.022307736949817813
15571,0.0863488534564585
15572,0.026366203940802312
15573,0.004186055785908429
15574,0.18797893661106213
15575,0.014764154138621154
15576,0.9626501164732928
15577,0.8057247713383107
15578,0.009193421738703444
15579,0.31425811908562584
15580,0.6020838900711051
15581,0.009264735544985877
15582,0.00807732542022469
15583,0.8750362500089313
15584,0.013040742268130599
15585,0.042471562181788165
15586,0.15419954487570342
15587,0.005317011068561947
15588,0.010774960745953492
15589,0.009176341138633708
15590,0.0037794165895106823
15591,0.026755321422024445
15592,0.007364380580107608
15593,0.006330721069550281
15594,0.009206747465046954
15595,0.3768190795599019
15596,0.9138479265718206
15597,0.33357668527484063
15598,0.11918879779808693
15599,0.9299996798233053
15600,0.16702582070693764
15601,0.023980965072557408
15602,0.04187993306385954
15603,0.016080801595969578
15604,0.39487584864534364
15605,0.00981633726293245
15606,0.39280171658029595
15607,0.21841686515799721
15608,0.06601625246440206
15609,0.004221769159449601
15610,0.06882141036222737
15611,0.2988761501708725
15612,0.8840012706713964
15613,0.14435226663973164
15614,0.01735409169288397
15615,0.9274556638664077
15616,0.005236044359062723
15617,0.008180490348748699
15618,0.016211301563891906
15619,0.759825189860794
15620,0.48114646527099597
15621,0.4843263845717128
15622,0.9413421805370841
15623,0.07289091924267528
15624,0.8440471633447273
15625,0.7467878872655638
15626,0.018797413136070112
15627,0.9494963866665139
15628,0.025025217244387315
15629,0.018929868462176286
15630,0.020000229784404903
15631,0.27539851996540954
15632,0.06125180718315222
15633,0.013027737026876136
15634,0.10548089935810402
15635,0.04085415741233325
15636,0.20417813489598877
15637,0.06592254669595353
15638,0.38904064232120233
15639,0.0039878991286604135
15640,0.2744805494511944
15641,0.16404047049783238
15642,0.04289901343665956
15643,0.41907868172765644
15644,0.9436835929155063
15645,0.010627169676544281
15646,0.007850524278562266
15647,0.010413365705924145
15648,0.011379651652174147
15649,0.055609671351410234
15650,0.08704813429028346
15651,0.4884182996690943
15652,0.553371364833307
15653,0.8696888339155622
15654,0.9105350200462837
15655,0.15797976195424598
15656,0.4446361272251517
15657,0.023348344675379367
15658,0.014217754771699277
15659,0.026210060145112256
15660,0.11826280564412678
15661,0.003369652972231205
15662,0.25293687787339214
15663,0.7376102228824449
15664,0.006068385045946928
15665,0.21548350419585202
15666,0.7851809904358885
15667,0.004500642154652889
15668,0.819651687946416
15669,0.038175023653559785
15670,0.5871303553241038
15671,0.7820050979974608
15672,0.004011430347647584
15673,0.7462944155599405
15674,0.017046737555264212
15675,0.7299453051687073
15676,0.004770651915045137
15677,0.013905579721685948
15678,0.017188931277502303
15679,0.8061767043319665
15680,0.018709791966024153
15681,0.17499644781427062
15682,0.9072187097669666
15683,0.11046523131354613
15684,0.24738221228939214
15685,0.041761351792859246
15686,0.004526035715747661
15687,0.3351487011854388
15688,0.02087485428172432
15689,0.005136174226419772
15690,0.011223897584705234
15691,0.011696314458134667
15692,0.19719700656373396
15693,0.005197495718509233
15694,0.09186981527017898
15695,0.01701219402211681
15696,0.006170495651377331
15697,0.022619593957574614
15698,0.9309841438851805
15699,0.0042687619967287345
15700,0.009149485813299066
15701,0.008999825797530035
15702,0.21488237180963188
15703,0.06477321881801497
15704,0.024273390314788493
15705,0.7182035819962383
15706,0.10295713734643824
15707,0.15233846512570615
15708,0.07043918126955596
15709,0.08243285542045017
15710,0.0793676895939079
15711,0.21451141165004498
15712,0.0045571143679969854
15713,0.010936198112132907
15714,0.1641273131577285
15715,0.005881868943376039
15716,0.016821133878946997
15717,0.15172039532781442
15718,0.28435934735809293
15719,0.10733479735651669
15720,0.0224679037064012
15721,0.3463157716387778
15722,0.8219087950038889
15723,0.02624549270616964
15724,0.08721628104938971
15725,0.825474264801561
15726,0.479685470488333
15727,0.007506987686440714
15728,0.7212614895210062
15729,0.022386843993223663
15730,0.29465526811063425
15731,0.0321488722648387
15732,0.6826201438134588
15733,0.024281764414504768
15734,0.17846844221968605
15735,0.3548421714481104
15736,0.06374147939370252
15737,0.03763214462254295
15738,0.21131070927612097
15739,0.24918337991159017
15740,0.18069968554476926
15741,0.011545855299907419
15742,0.36675920814114
15743,0.04134466783494254
15744,0.9726249797377065
15745,0.005879544274662098
15746,0.27873760956048277
15747,0.005715075867204889
15748,0.3441418932075457
15749,0.0734389480282621
15750,0.007922210783041521
15751,0.006506424751518903
15752,0.22278865239324427
15753,0.006176358602081492
15754,0.05575030064169519
15755,0.014015064191027908
15756,0.10326090728333664
15757,0.18937159329272937
15758,0.017320474876795555
15759,0.3649584172335154
15760,0.5248676944800394
15761,0.061885685728262786
15762,0.10607905350609899
15763,0.6355148016367539
15764,0.9104735227701773
15765,0.04923347943191946
15766,0.015773852419121423
15767,0.48821632476693294
15768,0.014237924549964653
15769,0.024295437821618627
15770,0.2188577579645177
15771,0.004513216582717062
15772,0.6708353641254117
15773,0.6023834381634986
15774,0.5198544259454679
15775,0.013838977854137645
15776,0.0574865699067621
15777,0.0781062125576831
15778,0.17236478950947134
15779,0.016424381011305788
15780,0.6569205135110033
15781,0.1848954952685437
15782,0.017264391734343125
15783,0.03930855867679933
15784,0.16843375716609343
15785,0.635178420155589
15786,0.09614970333280512
15787,0.03050973872427614
15788,0.36596963591784337
15789,0.01078904649256297
15790,0.6732653678273702
15791,0.025908700761146507
15792,0.009122103971581603
15793,0.18239542571697634
15794,0.2975668555317622
15795,0.05695861924139867
15796,0.018285629288833052
15797,0.05221610763367358
15798,0.03544051335969664
15799,0.05152498752126889
15800,0.7425815690522429
15801,0.01137170754791993
15802,0.07065154268305136
15803,0.05257307892465641
15804,0.006869738345867742
15805,0.007808210853534019
15806,0.08088242504400896
15807,0.011900766556326018
15808,0.6497370212554021
15809,0.12546975614333053
15810,0.9771242436161904
15811,0.1634553860325222
15812,0.14036005260751433
15813,0.016552497804949395
15814,0.020061989524171698
15815,0.08113353738814483
15816,0.12584465320553193
15817,0.5674688609232595
15818,0.012188696234657124
15819,0.06314454880001782
15820,0.05234619350028858
15821,0.3253628378215228
15822,0.01040984111623074
15823,0.19571269247192444
15824,0.03055229160517053
15825,0.11999982740961236
15826,0.3457503949243063
15827,0.09641374280263229
15828,0.0812981488212368
15829,0.09683172745267953
15830,0.1354579519043505
15831,0.06155690810022229
15832,0.06204847354924791
15833,0.851831317132763
15834,0.01981799635659346
15835,0.4669724489984736
15836,0.1362725749944536
15837,0.22420610161985188
15838,0.014737336652467068
15839,0.06383810646850646
15840,0.32777428385544893
15841,0.02213121046945075
15842,0.027787222549935434
15843,0.009541631218335286
15844,0.7398247218467806
15845,0.08042594428708866
15846,0.11501345224250922
15847,0.8356039165325361
15848,0.4638831375151067
15849,0.862301657841495
15850,0.013334025083218588
15851,0.1438319018227457
15852,0.009953026975554058
15853,0.460599827480315
15854,0.23600616695086454
15855,0.06010655577335462
15856,0.004397494063171945
15857,0.06371162695926152
15858,0.2036826463838507
15859,0.021775704786359897
15860,0.39194186892291083
15861,0.8128091474610983
15862,0.1722319855484468
15863,0.009444212588019342
15864,0.3034756399733966
15865,0.006386120427108792
15866,0.9738699572418814
15867,0.005341025375657445
15868,0.8918430158300297
15869,0.013615905178512739
15870,0.5324458681913243
15871,0.05159924751327907
15872,0.8884105904724067
15873,0.6805961947793868
15874,0.24878790397953077
15875,0.01038382360239099
15876,0.04319227099135953
15877,0.037038193269318107
15878,0.02027121886683461
15879,0.12633708051499604
15880,0.02056255804832792
15881,0.006475103954885411
15882,0.8800311169585509
15883,0.8046391353117995
15884,0.015294013339375783
15885,0.026169691601149406
15886,0.8291507896648311
15887,0.02859856302767997
15888,0.17710178802586984
15889,0.16471737704769407
15890,0.03761667080646663
15891,0.020267252403557423
15892,0.03810822608687616
15893,0.0281399510301589
15894,0.06783344795062804
15895,0.024407636809982286
15896,0.012184014371633205
15897,0.03922632993793598
15898,0.004366079600147898
15899,0.19944073019914532
15900,0.9201325932779468
15901,0.24822847290045807
15902,0.016323043798261393
15903,0.06247833220086834
15904,0.02365994339282323
15905,0.23713639744017312
15906,0.012272992139160985
15907,0.014391563156787026
15908,0.009684983642773546
15909,0.024414567772795125
15910,0.013072472686879619
15911,0.025145553052363535
15912,0.725690467398204
15913,0.07019173031180008
15914,0.039017831725582035
15915,0.024425315404897906
15916,0.4780354735868648
15917,0.050029376284306926
15918,0.694524780584518
15919,0.02165942147944703
15920,0.014834005342742446
15921,0.10702124036463603
15922,0.013106598115719667
15923,0.023709018521397916
15924,0.005523893209517319
15925,0.024157928765256756
15926,0.8350296114831415
15927,0.07370559864315579
15928,0.08903033573019276
15929,0.9280552626666027
15930,0.06814788607254003
15931,0.09783665306352508
15932,0.003962179343327821
15933,0.8920420613106849
15934,0.017891705071826917
15935,0.08626043375598597
15936,0.31002618801843324
15937,0.33254874602367257
15938,0.04389833196108874
15939,0.01774103493507714
15940,0.044895067718548065
15941,0.09117507605163011
15942,0.014916400950344952
15943,0.015462715389271898
15944,0.004004817496927848
15945,0.02614693679006149
15946,0.19980866210499265
15947,0.092191166069693
15948,0.5382288446765189
15949,0.08809212915748973
15950,0.11320670641950546
15951,0.027879413962287068
15952,0.43477483243308696
15953,0.2088583617152623
15954,0.3069969946638398
15955,0.21842812207304868
15956,0.7269892112972246
15957,0.17425716681895523
15958,0.03479599212594338
15959,0.09661167618078222
15960,0.020931560672518557
15961,0.15052663110370576
15962,0.08641766745872541
15963,0.14244946479375187
15964,0.03723087035629204
15965,0.35180353524587793
15966,0.005038855419563867
15967,0.4020615960403542
15968,0.01939702138640808
15969,0.008995209284022795
15970,0.024876507637907407
15971,0.04689021351363503
15972,0.3767503488278264
15973,0.08905725151597138
15974,0.933033913745571
15975,0.0924323419027141
15976,0.06439824409499074
15977,0.025914653237715687
15978,0.17369060718248253
15979,0.010762297675459024
15980,0.028446991928048063
15981,0.20280461230537136
15982,0.11063201444586675
15983,0.07702901811598992
15984,0.26711406230283946
15985,0.006208281468486124
15986,0.020637446170387878
15987,0.023420661883418962
15988,0.22217164506321205
15989,0.8914159519319353
15990,0.03644797853173377
15991,0.08100840216223987
15992,0.024036134335830617
15993,0.8330911905823497
15994,0.010828301103403262
15995,0.24257813978728027
15996,0.16348813024118075
15997,0.9314893586666595
15998,0.08038397598467288
15999,0.038890463739038796
16000,0.9670597789833156
16001,0.22214169022805957
16002,0.18601195007800364
16003,0.7648736447153633
16004,0.6490235357617461
16005,0.20659680299158442
16006,0.8727779015254933
16007,0.0639887683838707
16008,0.5599712124689898
16009,0.019052781308500036
16010,0.47497489650522184
16011,0.033708223891367545
16012,0.3800852248474849
16013,0.03567310657203307
16014,0.5133860992448597
16015,0.02125186290743952
16016,0.0051784373192460065
16017,0.008847658908984174
16018,0.05860164566459395
16019,0.02552878692856851
16020,0.8027425664298647
16021,0.7621145278268152
16022,0.7627468062550328
16023,0.1168571407364272
16024,0.589701832206144
16025,0.017694541642568312
16026,0.016130030750835408
16027,0.022788160978047714
16028,0.01330360095508959
16029,0.010585956334682758
16030,0.08627256338322635
16031,0.4374956605610615
16032,0.01027157410850746
16033,0.02319976417724301
16034,0.011618257974744488
16035,0.010106755642088723
16036,0.018243311547911128
16037,0.9293057183290191
16038,0.058837818387146044
16039,0.09347235917811444
16040,0.6688888809832945
16041,0.019379279383412506
16042,0.007638363015805046
16043,0.4936142273997017
16044,0.5183341688073009
16045,0.44658514645076464
16046,0.023586078993309317
16047,0.006348934019133076
16048,0.024770988414484902
16049,0.12735736723784546
16050,0.004174862983091853
16051,0.2112646624972734
16052,0.019228913683853537
16053,0.014613418000391414
16054,0.8252047699997214
16055,0.006165733936831499
16056,0.354300257388239
16057,0.005171686804017239
16058,0.009878509596006677
16059,0.6356250990911204
16060,0.06310630221998563
16061,0.12771162984865145
16062,0.03252557962422175
16063,0.0115828053892488
16064,0.00627910286057155
16065,0.21030601542967453
16066,0.9626632097915409
16067,0.9791355874037283
16068,0.0377859729668286
16069,0.011102967559296508
16070,0.24276001505440736
16071,0.033133730321763366
16072,0.036338341637464196
16073,0.7506385347477562
16074,0.10001995807649816
16075,0.567659613980345
16076,0.012355134810947166
16077,0.1786236800208745
16078,0.18974684466857006
16079,0.06468405288712087
16080,0.016239009473259992
16081,0.019972989996881074
16082,0.04602374009523147
16083,0.8003896983185009
16084,0.004252321019471545
16085,0.07710934835105003
16086,0.7804270955847704
16087,0.6453876332530304
16088,0.5134928694362646
16089,0.10216466770052217
16090,0.2075127776585712
16091,0.35751588204391693
16092,0.7179265413260759
16093,0.04267802093357639
16094,0.6054978682113608
16095,0.3448616893182704
16096,0.18616547314002152
16097,0.04521500063475009
16098,0.018245509514231775
16099,0.03642795316377942
16100,0.017147743181236394
16101,0.025269157412942226
16102,0.05753147117453046
16103,0.08088624962766897
16104,0.11546358957690049
16105,0.5582340244746018
16106,0.02344987881813189
16107,0.004595102913280826
16108,0.010655401361530831
16109,0.017964295472933666
16110,0.32052506715311757
16111,0.011291780298695321
16112,0.00996619537769229
16113,0.010654342737086013
16114,0.011932639527761375
16115,0.050241308117936694
16116,0.22771634939115637
16117,0.012167053414071885
16118,0.5239105356350963
16119,0.048039747227988816
16120,0.010250808156293511
16121,0.015552914435230245
16122,0.012629335950729917
16123,0.0182156756089631
16124,0.4434359271961255
16125,0.06587183950074398
16126,0.12161873815429207
16127,0.11723710962451082
16128,0.4044680897267514
16129,0.0760480292330732
16130,0.384496330920578
16131,0.20560037780786625
16132,0.018003494496678908
16133,0.024637391776728284
16134,0.05198714936719151
16135,0.056226997706659135
16136,0.019470794592344024
16137,0.009044662015881217
16138,0.015985234424462237
16139,0.25133602159062635
16140,0.02368901206210029
16141,0.012850172607179229
16142,0.6740417463539353
16143,0.26077130023610506
16144,0.13585280995285207
16145,0.2020969672116574
16146,0.6297645157787002
16147,0.006222487860227761
16148,0.7097861499046622
16149,0.019814923602255948
16150,0.04487577067706571
16151,0.32473883656459995
16152,0.1983643998966754
16153,0.03533732424693748
16154,0.4437140715419994
16155,0.3168444411041228
16156,0.031127371190481815
16157,0.011803554207537066
16158,0.9037089034734838
16159,0.06573050280060858
16160,0.030087300640162202
16161,0.8596701778056558
16162,0.026743807485748897
16163,0.43965418441350634
16164,0.0259380733389321
16165,0.5196391454330409
16166,0.17200314544493828
16167,0.12327764966915294
16168,0.02200475051083523
16169,0.8961532564480769
16170,0.7656528319502841
16171,0.011278813579819526
16172,0.008788185496323049
16173,0.0838553538656059
16174,0.023667835398443707
16175,0.4759978212059541
16176,0.02182198563453947
16177,0.008205616807197334
16178,0.2949978837941625
16179,0.029229923892881936
16180,0.06823497892933385
16181,0.018164929773153173
16182,0.04565809880323426
16183,0.08507025554503427
16184,0.009561496581341294
16185,0.07935561152203242
16186,0.05916607158568004
16187,0.18048490999983507
16188,0.2086970885419014
16189,0.015642185811755485
16190,0.9145428222353078
16191,0.047833116720577815
16192,0.030488767286967686
16193,0.021014481614567107
16194,0.6418421015550433
16195,0.4672422929384228
16196,0.8797710621853646
16197,0.17832383358362405
16198,0.006119420139453681
16199,0.08694782770313558
16200,0.0037660585149728886
16201,0.025254287073323854
16202,0.815348388105061
16203,0.10154875953332274
16204,0.3120342313294045
16205,0.12832189220145593
16206,0.02698349068782768
16207,0.011817682009782681
16208,0.9037945658144136
16209,0.8012811694332895
16210,0.06256904903815524
16211,0.18399932401430985
16212,0.0802138054825062
16213,0.051579107798280364
16214,0.014192538517340285
16215,0.011774950813355129
16216,0.9472344253990012
16217,0.7918875896598813
16218,0.11816770642577915
16219,0.06012630844148711
16220,0.23744185736923742
16221,0.02128522763131036
16222,0.03016191422644461
16223,0.01328743033627151
16224,0.5381259451311684
16225,0.02195089236262161
16226,0.9385852692676522
16227,0.40088035973062924
16228,0.00786944494207356
16229,0.033903258861770695
16230,0.14112590844155207
16231,0.017750033329864464
16232,0.1115630235139216
16233,0.012281400600336057
16234,0.9316397058605727
16235,0.015290901258388254
16236,0.022367209400842924
16237,0.30507116040007937
16238,0.577603154310344
16239,0.33837682999937213
16240,0.019138400674493485
16241,0.032270737218336704
16242,0.013935516894899025
16243,0.022319844596308237
16244,0.16653574389385642
16245,0.01405140083139074
16246,0.02081171797147723
16247,0.0047817970080975035
16248,0.02232268491980012
16249,0.2014122087520499
16250,0.6125610000181145
16251,0.16682323616620462
16252,0.024373790199224615
16253,0.013839289906845043
16254,0.3778864653024051
16255,0.005287548250141041
16256,0.16743252878438386
16257,0.015619423173795817
16258,0.004784100309379011
16259,0.2014132124947716
16260,0.02280594299348418
16261,0.7421493957004109
16262,0.060846361922805195
16263,0.003878598274328154
16264,0.19919059269351092
16265,0.0054518982239133386
16266,0.014953313033874167
16267,0.2899585857952349
16268,0.0611584032956323
16269,0.013962534177514408
16270,0.1673963452440681
16271,0.19256443175164675
16272,0.005345184707102058
16273,0.01881273601050011
16274,0.009449115433913134
16275,0.08178682221495814
16276,0.027806724819688124
16277,0.035604338162708256
16278,0.004312789117993039
16279,0.6989283132991397
16280,0.18507649152046823
16281,0.020763336919342658
16282,0.011071937738915832
16283,0.011266331770377109
16284,0.028636874410174408
16285,0.00832415804617465
16286,0.004399385345048829
16287,0.10483052698829959
16288,0.004202850337420979
16289,0.006661398826737521
16290,0.014347802411020842
16291,0.35507602798709414
16292,0.7250149694243722
16293,0.036617179070049105
16294,0.0299216520632877
16295,0.004750827091481102
16296,0.009728598374759442
16297,0.10130547541538776
16298,0.019755952855110833
16299,0.027247796277859934
16300,0.13500631820470538
16301,0.02779880676453
16302,0.6325937416700548
16303,0.02983693162757771
16304,0.05248242743356225
16305,0.013809538827843096
16306,0.0272166388812952
16307,0.015748527890913605
16308,0.015257989676059437
16309,0.9794389116412942
16310,0.3748065321580219
16311,0.010986684386769412
16312,0.0925859617422172
16313,0.8118190034714797
16314,0.012101515657917578
16315,0.4379086843287963
16316,0.8586896828847301
16317,0.03724766173818181
16318,0.1883288113092932
16319,0.003975726967612722
16320,0.015685481903623556
16321,0.19192120189397838
16322,0.9302926193635425
16323,0.10921488801478146
16324,0.0050599693567749205
16325,0.026738258868160572
16326,0.008705340393662766
16327,0.1334787284923469
16328,0.19811556224830024
16329,0.09121897150921032
16330,0.004607729203069399
16331,0.2590739350406668
16332,0.007033426535606444
16333,0.5383241614500954
16334,0.19111098789677272
16335,0.8490258780086613
16336,0.024480227108274893
16337,0.06792348783044724
16338,0.014249648563565658
16339,0.07834251406007818
16340,0.016851102421492525
16341,0.11639466195391637
16342,0.0169450409477064
16343,0.016556515901809798
16344,0.01755282321144835
16345,0.5833232030684952
16346,0.06547337689701506
16347,0.1183767529230939
16348,0.5606256385836567
16349,0.1814549502656028
16350,0.01352512745680664
16351,0.01484267188702571
16352,0.011473626689092553
16353,0.3052034788239373
16354,0.12464214385246661
16355,0.005485229520597076
16356,0.3321068196449852
16357,0.398314339274979
16358,0.11538433195522384
16359,0.012507928486954525
16360,0.9511332790084048
16361,0.003801153885317683
16362,0.01961768716202601
16363,0.9115395830563507
16364,0.9582141812427549
16365,0.019453242634186983
16366,0.006369277974868021
16367,0.06798806115689968
16368,0.006006163938745923
16369,0.2793548813531551
16370,0.015575110819647162
16371,0.044028578071168736
16372,0.5036571263119376
16373,0.9652680382137498
16374,0.030236190698107634
16375,0.04453703203097833
16376,0.01193077522296503
16377,0.10121881660464409
16378,0.9407178244258901
16379,0.4829672340964495
16380,0.04048743608684153
16381,0.040549805235095916
16382,0.21504814438709322
16383,0.00897061988059198
16384,0.393602777001525
16385,0.05189881979034882
16386,0.011341273214042137
16387,0.014190121958411043
16388,0.003941161050789127
16389,0.6409733905731838
16390,0.014468537052955149
16391,0.11376576216863478
16392,0.0393159102520307
16393,0.9053942674198362
16394,0.019642022577877494
16395,0.2607827421188209
16396,0.6837178754388521
16397,0.005565404461228796
16398,0.04315279968806928
16399,0.041048046228913206
16400,0.11526113726141622
16401,0.06779800631363231
16402,0.007072524881890857
16403,0.05191141623000836
16404,0.014530255170130082
16405,0.04348084126543564
16406,0.021494739284639266
16407,0.09018254686042354
16408,0.024634793486387103
16409,0.035170489773824934
16410,0.06950948802203147
16411,0.17741832020506312
16412,0.058443011475627735
16413,0.31140398309147377
16414,0.02538281532352784
16415,0.015837074542578208
16416,0.023035342692525492
16417,0.517976945341474
16418,0.018146848913578238
16419,0.17617125632909297
16420,0.15589315967894318
16421,0.8973615363004608
16422,0.055367613414587555
16423,0.004639284591946278
16424,0.012863977829034859
16425,0.10228676505504461
16426,0.005267181193609113
16427,0.010726137498261934
16428,0.1189646107829518
16429,0.014468692632814925
16430,0.005073452182115612
16431,0.06489335502476101
16432,0.0044503087757094325
16433,0.562685714943374
16434,0.0183795228017174
16435,0.9579916693396027
16436,0.8701055031331849
16437,0.013761970264846395
16438,0.18070212766946764
16439,0.47477533623885465
16440,0.5997550400779096
16441,0.18317765461490712
16442,0.0375365208346222
16443,0.020315815583226895
16444,0.1154895220461924
16445,0.7486567679122536
16446,0.06507122488609696
16447,0.7627540998797699
16448,0.470030057916261
16449,0.010768800774773199
16450,0.016077211964649115
16451,0.18777654846033456
16452,0.042564591733876445
16453,0.02199951163831913
16454,0.1266341132678201
16455,0.05953822617263288
16456,0.018181300349693275
16457,0.004217404205475104
16458,0.1435319666854526
16459,0.11448060045556899
16460,0.013515443894626222
16461,0.9363611769189885
16462,0.014558746788121133
16463,0.18214039838749913
16464,0.4881614083064329
16465,0.008500744450056828
16466,0.5137048773805084
16467,0.042927977739860144
16468,0.849895607352651
16469,0.2281982101897934
16470,0.2834010637832044
16471,0.3615200187851292
16472,0.025034808899976252
16473,0.04231263244876375
16474,0.5967971651684054
16475,0.3997949737123904
16476,0.01532499572215107
16477,0.9707723225671944
16478,0.19372423108392436
16479,0.005968203714575436
16480,0.005807218978052494
16481,0.004169007811016473
16482,0.6046246005647118
16483,0.008709082214694996
16484,0.02983821448929362
16485,0.31676196747309776
16486,0.3159214926374943
16487,0.1333969117962779
16488,0.019257368393010243
16489,0.10103466043082747
16490,0.12355499161959477
16491,0.0336876651763688
16492,0.1424198334304656
16493,0.02130846943407139
16494,0.4081697861720673
16495,0.010144155541934943
16496,0.016282076450952806
16497,0.7881927617894549
16498,0.026740074285987136
16499,0.8056564700902559
16500,0.011073675822629277
16501,0.16387800327504748
16502,0.03582202104138102
16503,0.12167400770569987
16504,0.29116255916588824
16505,0.8192624769308319
16506,0.022671606989340752
16507,0.004791520359250544
16508,0.04668303131267871
16509,0.13335813013537554
16510,0.8889963394938156
16511,0.09385347603549747
16512,0.01469456268247526
16513,0.19000732361086328
16514,0.003499693683519424
16515,0.8045924613065304
16516,0.08583651235612377
16517,0.016768364726235396
16518,0.9707053711788128
16519,0.8685287533120735
16520,0.05242590752544446
16521,0.015202661697638082
16522,0.00905290074539402
16523,0.027790915835722095
16524,0.01635994604733932
16525,0.6052076273713054
16526,0.02559564055956833
16527,0.9597096740234804
16528,0.5837564320790035
16529,0.03594844736444212
16530,0.010416072249993866
16531,0.28795202917844465
16532,0.010892819587594941
16533,0.15615402003409115
16534,0.009911170499227576
16535,0.0193940994389323
16536,0.8029223435881494
16537,0.02015581202851061
16538,0.09721376742800009
16539,0.6281885349498539
16540,0.07090271752402934
16541,0.9594662315768002
16542,0.004269548287375951
16543,0.026144363013127586
16544,0.33235183618872355
16545,0.0290530859700808
16546,0.05445708575198501
16547,0.23750806008725214
16548,0.03838584767836672
16549,0.030658845770127632
16550,0.014261785621960845
16551,0.07456883631125671
16552,0.05481035333225256
16553,0.10619191104648444
16554,0.006574996432103051
16555,0.019416970298093975
16556,0.052362764832990426
16557,0.180435937717541
16558,0.014467135828731928
16559,0.006062343187583297
16560,0.023225190256127584
16561,0.9293430087667197
16562,0.0178135445821022
16563,0.009733344654320847
16564,0.7800564670952145
16565,0.11065689478001865
16566,0.7955105130057127
16567,0.16948062043399478
16568,0.1091052366249628
16569,0.08973742413106786
16570,0.18208612507481642
16571,0.09248340719400064
16572,0.023206711298666825
16573,0.12817938601699091
16574,0.010940454584614203
16575,0.3692799188604971
16576,0.12904456813463439
16577,0.7627642267693467
16578,0.12649682415579167
16579,0.15706423043965217
16580,0.014181957800347875
16581,0.020833373813244696
16582,0.9363796833915786
16583,0.04158978785751602
16584,0.01991395306902757
16585,0.06284801119527404
16586,0.007054504603858425
16587,0.07962127991259373
16588,0.2143000041134137
16589,0.9773721887173815
16590,0.04045787839870338
16591,0.025313258670061938
16592,0.03204142105017482
16593,0.11341501734292228
16594,0.6097790522240498
16595,0.440103799411541
16596,0.005610299487862258
16597,0.186988626895584
16598,0.04940749008042396
16599,0.9654352150466995
16600,0.02827675147370364
16601,0.009925783661900943
16602,0.03190014633804664
16603,0.3405610736351412
16604,0.15603778689725234
16605,0.07935502773891273
16606,0.007118814629182985
16607,0.21689855196003574
16608,0.30632092909578634
16609,0.005814774822458128
16610,0.004694358178357728
16611,0.05149199064430403
16612,0.016771554309507365
16613,0.05394488206305773
16614,0.01218887332711472
16615,0.019808643235203625
16616,0.006233977842978728
16617,0.021193975609364316
16618,0.014363280576056585
16619,0.06999433082614476
16620,0.006911320096890642
16621,0.022442147486579255
16622,0.945548654386993
16623,0.7764351851684193
16624,0.01615185832329081
16625,0.044804643777829015
16626,0.28528033637917316
16627,0.7833230830562548
16628,0.38534497101531356
16629,0.1085519885303097
16630,0.02434259661738659
16631,0.9554506785912527
16632,0.35675103335414576
16633,0.12105922172538187
16634,0.009151472633365429
16635,0.018058507677009478
16636,0.01217021226144955
16637,0.1825086201212924
16638,0.035001795041917166
16639,0.025751668053278273
16640,0.008747301119538163
16641,0.1727754318639683
16642,0.1461846554844368
16643,0.2699473643644649
16644,0.004910952056573544
16645,0.31965615384074947
16646,0.9714445218409895
16647,0.06204515067766765
16648,0.2097712954972534
16649,0.9045831270912013
16650,0.046228947142116825
16651,0.8506031275068083
16652,0.18635168626868126
16653,0.630590595689753
16654,0.016610735497108807
16655,0.03192912941960715
16656,0.12671121631602833
16657,0.12042628617414759
16658,0.045008463672205005
16659,0.018307965837471043
16660,0.36769781242344735
16661,0.1899033309077656
16662,0.06531415604912538
16663,0.8089296452925736
16664,0.07888175441403204
16665,0.011719410493111017
16666,0.300598548709602
16667,0.019953358770209335
16668,0.003830948838315409
16669,0.006506961650044428
16670,0.006020338496510442
16671,0.03325882943425547
16672,0.004645725950745135
16673,0.8847086618195772
16674,0.005783088976411966
16675,0.005450362499484582
16676,0.10661922732530404
16677,0.020074223292526682
16678,0.028482336109919553
16679,0.017922719876321956
16680,0.024649842563011157
16681,0.25413738379348666
16682,0.2303210881741671
16683,0.0038800081299668982
16684,0.3639104378161793
16685,0.005604383273817177
16686,0.023622901346594092
16687,0.46202822942561445
16688,0.014090297029461539
16689,0.24682700276515654
16690,0.0569059271735849
16691,0.00502239446280298
16692,0.914102450042037
16693,0.32822436197298005
16694,0.02028453107672315
16695,0.025667722758115196
16696,0.012262682960533329
16697,0.010768394087959921
16698,0.41460157018982513
16699,0.06450793067967904
16700,0.0238259099157928
16701,0.021027357048830516
16702,0.017467659396154692
16703,0.281073315640215
16704,0.008671962140502941
16705,0.31291291177885816
16706,0.4596315848563483
16707,0.11533567166269117
16708,0.7639379060025062
16709,0.01571128685075419
16710,0.020811760901325926
16711,0.009326538359567482
16712,0.44582675168986496
16713,0.9115080460261873
16714,0.1412099095975865
16715,0.1377343485928352
16716,0.018437609236469813
16717,0.7693212313321921
16718,0.17372486078426344
16719,0.29686207400485004
16720,0.08780900536133462
16721,0.6113696688847252
16722,0.01910466541023924
16723,0.8175068007714483
16724,0.08576341083367087
16725,0.01961228800294652
16726,0.5374366921644456
16727,0.9517540446148065
16728,0.039493991822220104
16729,0.19585564938305236
16730,0.41571985018233043
16731,0.21435217623410072
16732,0.01126629360845128
16733,0.039019639915289034
16734,0.5972377259490665
16735,0.028893704327805598
16736,0.0997174412316684
16737,0.01934277118144874
16738,0.0048330068560592096
16739,0.014304854817074362
16740,0.795168252278903
16741,0.40152775058525586
16742,0.004878924099089728
16743,0.052269480368633214
16744,0.020482838174735306
16745,0.022473931712166606
16746,0.028315647226608717
16747,0.021350096666707417
16748,0.31887181849332047
16749,0.023577125976918068
16750,0.79993457352906
16751,0.3122857888940239
16752,0.005456620698309028
16753,0.018003147158097924
16754,0.9093758890294239
16755,0.012515187500045459
16756,0.15492057446604787
16757,0.005197607442780706
16758,0.040514428718916806
16759,0.0515365979853991
16760,0.014803865556868403
16761,0.02507837827171584
16762,0.008198656030604767
16763,0.6602726617295539
16764,0.1286409922117462
16765,0.05231281715201388
16766,0.027329051228687867
16767,0.28426321421664147
16768,0.024249953539424444
16769,0.007264960074055139
16770,0.015016586778215681
16771,0.5975422431753584
16772,0.7445631939840989
16773,0.006473192437207481
16774,0.03213238854441085
16775,0.035055495012439236
16776,0.025957545391072548
16777,0.15741238711336533
16778,0.018634355489981717
16779,0.8501625842142235
16780,0.42247479088243156
16781,0.009104857614561613
16782,0.41343795495390273
16783,0.14294923387387515
16784,0.0595088523747772
16785,0.04671324733271776
16786,0.18394886670045218
16787,0.05367354962894498
16788,0.9606807854104328
16789,0.007751992354850703
16790,0.11170398803327243
16791,0.48837248377392994
16792,0.33056872430154405
16793,0.42187471029610113
16794,0.4719331968189543
16795,0.0972767248197649
16796,0.11815431061083942
16797,0.09369616904072348
16798,0.014744259255635724
16799,0.019924928739026532
16800,0.3334923166042394
16801,0.29025162969485163
16802,0.016890921837545786
16803,0.004977522348937543
16804,0.24122092112420074
16805,0.23291689006886382
16806,0.025730208833293217
16807,0.7923682450105806
16808,0.008947323768389932
16809,0.11510508237606809
16810,0.26401042870826896
16811,0.007233537353542649
16812,0.021943014138240242
16813,0.033876521081284736
16814,0.026363169706945938
16815,0.006346623575991306
16816,0.4896000222907334
16817,0.037951423843269924
16818,0.7047641366279221
16819,0.009969249199995646
16820,0.5980466342589889
16821,0.5242737828614978
16822,0.15985156217765914
16823,0.11922262820479552
16824,0.036683792778183774
16825,0.12503629202785707
16826,0.09271210777812929
16827,0.346712693945941
16828,0.502490917834294
16829,0.0059630257175171545
16830,0.027805339121373698
16831,0.06248856779978722
16832,0.29285550991016684
16833,0.004461296566711207
16834,0.13916767874123237
16835,0.028951487029281197
16836,0.9297246974384338
16837,0.7078013990334271
16838,0.13933995181070788
16839,0.026121745925789162
16840,0.009074638746357914
16841,0.09417322936892482
16842,0.033318465912039144
16843,0.6429976980573785
16844,0.34764482374154937
16845,0.25773800697153937
16846,0.022598197639166474
16847,0.013670645052272676
16848,0.0038839535156216833
16849,0.17376915673343177
16850,0.037017343119002594
16851,0.44187168981216013
16852,0.031095584322135043
16853,0.04934999472691428
16854,0.10167467594795586
16855,0.1953520821211905
16856,0.1180459600281276
16857,0.020847145878857755
16858,0.020171350537753225
16859,0.02397529375534908
16860,0.8825929888167892
16861,0.016491294785346954
16862,0.9372439281217712
16863,0.14192277058659347
16864,0.03127939781502345
16865,0.08921425386224695
16866,0.6144652654534637
16867,0.02146825186946945
16868,0.6861267467149486
16869,0.6502171348569453
16870,0.015506668105080263
16871,0.06605571181897535
16872,0.05424839361910552
16873,0.10323311144153767
16874,0.4604394837605951
16875,0.0042669927061183485
16876,0.06118364255735993
16877,0.004196895812652633
16878,0.15904874816432
16879,0.009415221945958162
16880,0.15084877116885256
16881,0.020784908743956082
16882,0.9515230149151869
16883,0.4826427944237715
16884,0.055014753671187556
16885,0.04243164227178655
16886,0.010359030690122516
16887,0.2120999782654161
16888,0.9118532513520918
16889,0.08447824573757075
16890,0.3795852356217986
16891,0.03195693354906874
16892,0.013364730780639149
16893,0.6754206146221334
16894,0.015372936768164775
16895,0.029176228647973555
16896,0.2139691874448321
16897,0.017459259489954266
16898,0.009098545857632924
16899,0.08924672956720661
16900,0.47156052669673004
16901,0.15917190006803184
16902,0.7568552803549004
16903,0.03140545021546739
16904,0.6969475393615205
16905,0.1241377175983557
16906,0.11167040622688408
16907,0.04987641834060482
16908,0.005519562521315663
16909,0.3263593755880093
16910,0.08860051827451816
16911,0.9337506448881571
16912,0.01634390199603332
16913,0.09625862018465116
16914,0.012509349525071758
16915,0.004504114706532002
16916,0.01993314458192869
16917,0.0043122181016740655
16918,0.05048767531312692
16919,0.278362929845541
16920,0.208545934277845
16921,0.4977877535176159
16922,0.0704920150084093
16923,0.1353707154865077
16924,0.5161010486961796
16925,0.025806827317975504
16926,0.057257478805765684
16927,0.3828988666933926
16928,0.20539791495944162
16929,0.012910146526477206
16930,0.16163082863940142
16931,0.05497752223472894
16932,0.04714763110764369
16933,0.010393006145592581
16934,0.25908842928806497
16935,0.12240057580610647
16936,0.012940247249515431
16937,0.20330455271268114
16938,0.02011176879865257
16939,0.026637514547413078
16940,0.003712187016717902
16941,0.004003590593574857
16942,0.768633457446636
16943,0.530211139351416
16944,0.010671033300389637
16945,0.0053629717730219436
16946,0.07521406373842562
16947,0.023548164276773323
16948,0.008803606902893679
16949,0.02573072616238714
16950,0.018193746905035193
16951,0.9123885169657966
16952,0.04711317675189768
16953,0.009739367985028611
16954,0.04126246508411599
16955,0.2532012250753924
16956,0.026279007423484137
16957,0.1469872295886855
16958,0.7766315932910182
16959,0.014142780893095867
16960,0.04446746504731562
16961,0.01348629593658611
16962,0.38392665963124273
16963,0.018399290112587383
16964,0.042683380168041046
16965,0.0449717219394668
16966,0.3354018796173749
16967,0.1255499268760413
16968,0.012732381142102355
16969,0.019871533073495696
16970,0.9635672208829961
16971,0.8653226008509611
16972,0.95068222568902
16973,0.005178078414140464
16974,0.012092750873950836
16975,0.9024731520401099
16976,0.3507413241564924
16977,0.06003189337583338
16978,0.1579304872330101
16979,0.010614363093550462
16980,0.15055964495378996
16981,0.1949034266031508
16982,0.2566996677853261
16983,0.013603235181408069
16984,0.016883786916317832
16985,0.12355452453049512
16986,0.016945928234829072
16987,0.5262326495442867
16988,0.01589333621145457
16989,0.03791981047626422
16990,0.02771726613220772
16991,0.07092366175732566
16992,0.1215010048948688
16993,0.14305702334766995
16994,0.2923610579217788
16995,0.009195197212011903
16996,0.037311811544261705
16997,0.022491808788191694
16998,0.24962978046141504
16999,0.22357536746008255
17000,0.7664928518543104
17001,0.035105648607582134
17002,0.013220753647609345
17003,0.5893232061382584
17004,0.025084424428647955
17005,0.21357352150898032
17006,0.029988588460972188
17007,0.2373564189402747
17008,0.005405067014385978
17009,0.19326510974856526
17010,0.005405363132284843
17011,0.10127595858942819
17012,0.07309005038844021
17013,0.4640764732303102
17014,0.3053304663030251
17015,0.14534142907184466
17016,0.965617731100448
17017,0.34253450303998817
17018,0.15111806830193777
17019,0.04947495231003101
17020,0.8373854152785271
17021,0.18286506780034847
17022,0.04519841003602815
17023,0.011043170803526998
17024,0.0093056162458339
17025,0.5219957585810502
17026,0.5584108172422362
17027,0.8245628795870569
17028,0.012501195621340328
17029,0.04623498753580564
17030,0.023865478375828076
17031,0.5251841576854628
17032,0.7461041323310973
17033,0.31621453488435736
17034,0.024525687166743904
17035,0.8680636978397065
17036,0.4509579386572593
17037,0.23412685725900612
17038,0.22564772629271246
17039,0.3386522040650807
17040,0.843953621071787
17041,0.007733935440597619
17042,0.0799865671217876
17043,0.05252990723809739
17044,0.04543470798434529
17045,0.03122814724338228
17046,0.45062149919269373
17047,0.08961118423665904
17048,0.02271115230855795
17049,0.8689017430547039
17050,0.07830019466591819
17051,0.1162590162865701
17052,0.04090677671655042
17053,0.20022223815746884
17054,0.02529243087405761
17055,0.6228342905072575
17056,0.026717912170369985
17057,0.07923045176988358
17058,0.08203895250922301
17059,0.16294874251665295
17060,0.6059370145094455
17061,0.03722269841071444
17062,0.004023147424734141
17063,0.097414108603511
17064,0.027359312446433557
17065,0.007664689524340389
17066,0.02470097965535657
17067,0.045776096808617835
17068,0.19281329942514971
17069,0.0071697211951520555
17070,0.15668799340853523
17071,0.007918757850962247
17072,0.08675817686430451
17073,0.025163639585218146
17074,0.24114224498331244
17075,0.2990485819399985
17076,0.042059921948951334
17077,0.009464446351567634
17078,0.02038657870440473
17079,0.1976644860616825
17080,0.4726174317649097
17081,0.3008985549038656
17082,0.09345986405768002
17083,0.42317583216706
17084,0.01094110964179431
17085,0.126720254715834
17086,0.855700961267558
17087,0.011918513267251492
17088,0.02675643623583522
17089,0.012741808438856493
17090,0.22339816238375867
17091,0.10714467060081181
17092,0.25343627832848564
17093,0.21011868196449093
17094,0.01801907731885104
17095,0.03240013496354268
17096,0.12780641767147277
17097,0.0047508761233837245
17098,0.021932667217827283
17099,0.006078467252100115
17100,0.1826837660405693
17101,0.024450629946167465
17102,0.32393615753421057
17103,0.6549990675499644
17104,0.017612322077471862
17105,0.01975518065581901
17106,0.004783810695814853
17107,0.06650106446822361
17108,0.49870054877382197
17109,0.21366505838203126
17110,0.9754456514436056
17111,0.017103916577144784
17112,0.17371317760874178
17113,0.39536413480710997
17114,0.261915313527344
17115,0.05611206805570307
17116,0.02549239797725265
17117,0.44188916436457876
17118,0.33170240093820724
17119,0.03811646983909185
17120,0.04883760270532446
17121,0.02426376228514434
17122,0.22689473824007178
17123,0.025905560353805913
17124,0.5776071809053135
17125,0.13488309006148053
17126,0.13079256332589792
17127,0.6189206675938403
17128,0.0419816221713589
17129,0.35762492910381916
17130,0.028930446089308632
17131,0.052620902567120265
17132,0.008424949056862908
17133,0.015618682083508601
17134,0.013886482155606939
17135,0.05429398018896002
17136,0.04330421673130076
17137,0.47879435062537323
17138,0.0551134431431281
17139,0.30473120058336994
17140,0.019786429205668463
17141,0.0611783172524782
17142,0.8866367685633167
17143,0.018018783074299403
17144,0.0053004816157541
17145,0.2591622269332828
17146,0.1893448243046362
17147,0.016406274884760232
17148,0.8376879407777658
17149,0.21655602062952642
17150,0.9521501275367615
17151,0.028125140981806053
17152,0.7539672703280199
17153,0.4400220249411921
17154,0.08341445581074344
17155,0.0868226330883009
17156,0.08598688558286931
17157,0.9359394697574683
17158,0.8625715552163241
17159,0.04558288268618051
17160,0.040993477492263404
17161,0.10858793513844109
17162,0.01804632828627603
17163,0.029496837604491462
17164,0.08629500040998311
17165,0.9564902747211462
17166,0.011498745223714755
17167,0.01730097132810988
17168,0.9043095778329763
17169,0.6713926398916853
17170,0.1345422817172907
17171,0.59899117363703
17172,0.01396523851686007
17173,0.05198533577700858
17174,0.6922039150279783
17175,0.6079230346944992
17176,0.02431896882711497
17177,0.17925494892041047
17178,0.9101022985786265
17179,0.970972697380157
17180,0.19890227824897913
17181,0.14151283025350192
17182,0.7492498683542469
17183,0.6838617054447408
17184,0.779263695336441
17185,0.04137174402128765
17186,0.004132770378297162
17187,0.014220864982927024
17188,0.077703648701194
17189,0.011148508271243996
17190,0.018720401217395495
17191,0.7636494626853024
17192,0.5955950649821382
17193,0.013785708198156216
17194,0.2137206565401888
17195,0.010726567307331424
17196,0.025130528304974514
17197,0.40957083875098027
17198,0.010981044978021158
17199,0.006946967543117248
17200,0.8405845871275585
17201,0.015291363192428466
17202,0.016343705627663564
17203,0.006260149907397965
17204,0.7338617117378315
17205,0.017657780567718894
17206,0.016295356517786196
17207,0.010201882381976383
17208,0.3942435494215708
17209,0.14647208442364448
17210,0.566260900184593
17211,0.010311239816687945
17212,0.04657426736368151
17213,0.03715226689461362
17214,0.004272083643855362
17215,0.006554207350644563
17216,0.86785420573892
17217,0.44932265450618886
17218,0.07878468194200791
17219,0.023946246754692
17220,0.31815692474098234
17221,0.016389702255859805
17222,0.6721597902331559
17223,0.5103767929825089
17224,0.904318931415407
17225,0.06946636810984956
17226,0.02585841071470764
17227,0.00570659155525611
17228,0.3482632621269344
17229,0.028793809149594386
17230,0.1050066697563993
17231,0.015962079502358287
17232,0.02910107413307169
17233,0.04281987032703612
17234,0.03293926718224569
17235,0.7805855876870382
17236,0.006326962188935816
17237,0.6717315707050094
17238,0.22430460766269014
17239,0.046883177917455665
17240,0.016108253474500435
17241,0.2623063240117863
17242,0.045549753475886814
17243,0.02315221504767752
17244,0.8191243061333573
17245,0.8043235410318342
17246,0.004169264972466541
17247,0.9785168515650929
17248,0.17765349572033007
17249,0.1739379141275534
17250,0.7293575372865759
17251,0.29460622624621247
17252,0.07146290387729301
17253,0.005297864395710828
17254,0.5541302560444377
17255,0.015019664486742818
17256,0.004108661044965703
17257,0.09962424396133417
17258,0.8336256506657059
17259,0.19684992748782737
17260,0.9052088877639798
17261,0.10615757756206878
17262,0.10563079964902311
17263,0.006924911224124404
17264,0.2898367270471642
17265,0.9625295095896123
17266,0.1248605558412494
17267,0.8798616511289492
17268,0.03453492490708962
17269,0.11240495522784164
17270,0.06240447106581385
17271,0.11123769109799522
17272,0.010659819317109307
17273,0.1987164159337198
17274,0.017028546751857953
17275,0.01747026629526177
17276,0.0665187795244056
17277,0.52380665081576
17278,0.005291721273842324
17279,0.5382538189804361
17280,0.007178720836107907
17281,0.026858327376739474
17282,0.5127029514943788
17283,0.010553396499750017
17284,0.11753776941357412
17285,0.02018290539295554
17286,0.11945188781229696
17287,0.09445389573684947
17288,0.057105929750445865
17289,0.9149027346679788
17290,0.10076106084596427
17291,0.33668262330745974
17292,0.03763946002848783
17293,0.6515973179019349
17294,0.030367860982548494
17295,0.06805595584071086
17296,0.16250836876126518
17297,0.07153952877658441
17298,0.11694348349170035
17299,0.24031292827975836
17300,0.008509655944477732
17301,0.08384467758915387
17302,0.02435868208209369
17303,0.09313926034396576
17304,0.11490425894575423
17305,0.0662315770236262
17306,0.3507838889462761
17307,0.018368480140981663
17308,0.23666497169458908
17309,0.07729914002496867
17310,0.7587551190252299
17311,0.04562352741793882
17312,0.6651782493079472
17313,0.004338085368866075
17314,0.3340306880618195
17315,0.024087918358125845
17316,0.06049243573813312
17317,0.42740148677841316
17318,0.944021597866414
17319,0.04056549718980687
17320,0.3265225078358099
17321,0.3634544102013594
17322,0.8546949862181696
17323,0.023620531778311284
17324,0.3027801908738212
17325,0.031249575012403472
17326,0.011748313219771753
17327,0.6645323192936062
17328,0.19205133137234345
17329,0.017500587403365554
17330,0.020085104012535673
17331,0.08134872811879537
17332,0.029842822002283706
17333,0.03573316055457564
17334,0.14146570999009792
17335,0.017584157091684614
17336,0.1473077521598901
17337,0.7918836654276307
17338,0.008828286565632315
17339,0.2138286878217283
17340,0.02590386360219604
17341,0.06037060342330556
17342,0.6379898668066682
17343,0.09286249272806148
17344,0.03088315201106165
17345,0.004137178682585679
17346,0.03958908925774582
17347,0.007156146688770887
17348,0.012122567165928936
17349,0.08388593522301091
17350,0.1575334163984613
17351,0.006256226911022135
17352,0.014011851911710371
17353,0.15080804070875625
17354,0.1407392220188118
17355,0.26552829326938515
17356,0.03137591465247338
17357,0.8151146659093427
17358,0.08262573214778617
17359,0.004143459212312262
17360,0.07643443748499484
17361,0.0076732619545706125
17362,0.7846924383526366
17363,0.05342224231688198
17364,0.12012536568546926
17365,0.014751179070971388
17366,0.023471183244001468
17367,0.015881657270481717
17368,0.01638232223459424
17369,0.015274742095400997
17370,0.02010207556475141
17371,0.26791725530259475
17372,0.2999812536898177
17373,0.11513428894433772
17374,0.02176725769705252
17375,0.01172978852503333
17376,0.012079501408257467
17377,0.0748481428800167
17378,0.00880496951353984
17379,0.004635248607835827
17380,0.1391468945581851
17381,0.04923963730399292
17382,0.01353507353773244
17383,0.0353495730414269
17384,0.00639924769290064
17385,0.006783202755538969
17386,0.05890507285663985
17387,0.022799159690222212
17388,0.013011274568825386
17389,0.8360713870262451
17390,0.08521867295392412
17391,0.11343181252794554
17392,0.055536704719457555
17393,0.019035159084452725
17394,0.007812251728820556
17395,0.32680333828933655
17396,0.21824374352931394
17397,0.5716659416894749
17398,0.6215520410851797
17399,0.02529381921506161
17400,0.11053369624521726
17401,0.5488286015067515
17402,0.017366749678141696
17403,0.022497385696746763
17404,0.005098246251997679
17405,0.09861770892471311
17406,0.005041376290409247
17407,0.0188192410010456
17408,0.8184289724500597
17409,0.14871347607945176
17410,0.02586194558664253
17411,0.03920208884779968
17412,0.007437118151797196
17413,0.013578657404848265
17414,0.01945307826386381
17415,0.1275532478884344
17416,0.09092396816869552
17417,0.10830291954614438
17418,0.013123943780018209
17419,0.14656822491828347
17420,0.07004554522964815
17421,0.28640352634441085
17422,0.016954279281178698
17423,0.0701116198259909
17424,0.5357030394452196
17425,0.0836736761823075
17426,0.1340773219228709
17427,0.8058662125979881
17428,0.01080514499443198
17429,0.012656013167196074
17430,0.12418214136159822
17431,0.020424276676869878
17432,0.3462880880111405
17433,0.1998389137336694
17434,0.004461806751115295
17435,0.04063867623511622
17436,0.017683018772153048
17437,0.10206266283135314
17438,0.9418300526814837
17439,0.03814515002129892
17440,0.3699744003870756
17441,0.06930085090335529
17442,0.12098468822318985
17443,0.005557077856154896
17444,0.011755049046084341
17445,0.8790363501025595
17446,0.3702163192869714
17447,0.014253772158158763
17448,0.08767714830464048
17449,0.09851359173886243
17450,0.045340647888450644
17451,0.012538183957031802
17452,0.025123974854884813
17453,0.3868644410723052
17454,0.06609382311945505
17455,0.04040907906104369
17456,0.08997023839871787
17457,0.7345865879200442
17458,0.0132382238174458
17459,0.01512651497943873
17460,0.03795599426683643
17461,0.2305930625887694
17462,0.004993816535433488
17463,0.2567882753408917
17464,0.021243278802906856
17465,0.00637228265632943
17466,0.018557220803539033
17467,0.007859810442975597
17468,0.01234783819438806
17469,0.13806602772271126
17470,0.09565414052063666
17471,0.15259408456995846
17472,0.01905573228771422
17473,0.004463239237981471
17474,0.8988296568542086
17475,0.2779166045274551
17476,0.0730513218051161
17477,0.060323085465273166
17478,0.006330946392055297
17479,0.009262465511785105
17480,0.28723651121818333
17481,0.005160673584646912
17482,0.004410202683879413
17483,0.03406996716868119
17484,0.22740871852487488
17485,0.01402791516278095
17486,0.06813660692382775
17487,0.005149170133265751
17488,0.03252708546019132
17489,0.16471334192529535
17490,0.015553710482368921
17491,0.025904302579881477
17492,0.035007621704556735
17493,0.24933806833589958
17494,0.960799480799373
17495,0.01628808293481226
17496,0.05102854366943782
17497,0.08880100023543987
17498,0.053783061128488276
17499,0.24088138427527675
17500,0.182284982967568
17501,0.011127495525714395
17502,0.0039002775632655117
17503,0.008740107431022492
17504,0.02478229297064609
17505,0.8871762477079546
17506,0.013323416361278269
17507,0.04187934753395145
17508,0.034696955168964594
17509,0.13139742853989214
17510,0.9212945350782858
17511,0.06370822700259164
17512,0.046140038997974565
17513,0.006109331429106154
17514,0.015452305887043705
17515,0.3566328695314416
17516,0.2618560402716358
17517,0.892577379650072
17518,0.024945707260752556
17519,0.005231018354230955
17520,0.017635454615166624
17521,0.042433305128607435
17522,0.14142743841399377
17523,0.004480060069347491
17524,0.3028830961291221
17525,0.7179537066610284
17526,0.40597550203149496
17527,0.03230840669181454
17528,0.07578628887718505
17529,0.010655596857341777
17530,0.025930018762160598
17531,0.02419879429746997
17532,0.7243366601590512
17533,0.17448263703114122
17534,0.06372264680596565
17535,0.02026744382174549
17536,0.3354109939305899
17537,0.25730124189548603
17538,0.34997091105638556
17539,0.00627534131629596
17540,0.616683885314502
17541,0.0390739464085331
17542,0.008111246543765509
17543,0.02601889250714138
17544,0.7208628767860594
17545,0.022991142487310618
17546,0.7191965128152253
17547,0.01709980419407314
17548,0.08638706183972093
17549,0.024609877248388607
17550,0.024790444103588882
17551,0.023545835047476375
17552,0.2786596237234314
17553,0.07392126277748926
17554,0.04790891528328047
17555,0.013542313811100966
17556,0.025987035990969503
17557,0.010864903114131632
17558,0.1295146405326663
17559,0.8761088161337917
17560,0.09351633049998336
17561,0.02003144088622123
17562,0.6343822400304936
17563,0.07844817602437279
17564,0.014814510514576683
17565,0.009044668179314258
17566,0.004235454822707125
17567,0.004531119179367633
17568,0.01320535558200629
17569,0.35134201651851865
17570,0.10946710561888125
17571,0.009259612990404249
17572,0.36483804501005407
17573,0.01690172644674379
17574,0.036928675816781664
17575,0.04030501434359305
17576,0.02198042810271771
17577,0.005982977504772341
17578,0.10886499497306085
17579,0.042762108609804124
17580,0.013484846888658667
17581,0.2436424444159302
17582,0.04977920321380422
17583,0.9271897790029183
17584,0.025784984831291196
17585,0.02314260505580679
17586,0.6536643155483042
17587,0.0837338871080304
17588,0.03920454994292255
17589,0.9525647538805905
17590,0.023138753635463007
17591,0.011585883422602701
17592,0.05530396485274613
17593,0.06815136462044723
17594,0.11185912304702163
17595,0.016180744129441153
17596,0.15201433101277506
17597,0.6380989229497658
17598,0.06319202133151401
17599,0.07002738634797578
17600,0.7597466223358613
17601,0.013969222187815029
17602,0.9285546361984703
17603,0.9290934181365945
17604,0.04093816185643164
17605,0.2685999023891868
17606,0.029946847397558592
17607,0.014320367968693444
17608,0.08721890538805602
17609,0.15848984872235863
17610,0.27083305120969525
17611,0.9430764609089305
17612,0.026642450273548342
17613,0.04226651365097961
17614,0.9396701538838609
17615,0.009422051844405055
17616,0.03166269962208535
17617,0.049144362734990094
17618,0.6357477490421786
17619,0.020213991922294318
17620,0.04046011018245819
17621,0.020447491832849756
17622,0.6640986804730947
17623,0.0628555643878658
17624,0.722414452395325
17625,0.728697134749398
17626,0.02582280167772566
17627,0.8625717815529131
17628,0.00820710720933432
17629,0.062310583221132365
17630,0.01905099719900093
17631,0.18852958940080294
17632,0.05523123688298116
17633,0.01598021964071621
17634,0.02814198726523276
17635,0.08593518671778991
17636,0.06748823301621282
17637,0.012236201127613748
17638,0.9177451704829751
17639,0.21574659091155302
17640,0.08052911351156554
17641,0.07308182063047668
17642,0.6187822466424964
17643,0.019838491490137392
17644,0.17353277810854617
17645,0.3100820668049603
17646,0.020584163604555696
17647,0.02506555233185578
17648,0.06905726348000918
17649,0.004796034661834647
17650,0.013801045754109304
17651,0.010344535222805332
17652,0.013492344413739907
17653,0.03556059568936995
17654,0.10071892184955647
17655,0.14043281194910176
17656,0.025769080405371795
17657,0.023943151058540425
17658,0.27201597355810747
17659,0.2731525277234279
17660,0.01893805840804305
17661,0.13746804874629057
17662,0.23771284615692373
17663,0.04914416102095913
17664,0.04116880532320336
17665,0.05287481629262039
17666,0.013237597203851214
17667,0.08672732510532524
17668,0.36303116574745237
17669,0.11850404819259089
17670,0.019004857017091082
17671,0.04091731171682824
17672,0.03653166750535525
17673,0.21586149419364237
17674,0.24764767469771976
17675,0.0875449569337986
17676,0.0656186225634985
17677,0.022822188699220543
17678,0.004142876374449717
17679,0.006310539683386349
17680,0.017388061197306674
17681,0.018572823895854726
17682,0.5367471313875707
17683,0.01083888474460771
17684,0.42032710242490073
17685,0.19648868104144848
17686,0.02041959941501622
17687,0.2171276519212945
17688,0.0035468306379796495
17689,0.0853101943057049
17690,0.020517346057589685
17691,0.010209618082760386
17692,0.19965553163400165
17693,0.7184595536748875
17694,0.13723321357157528
17695,0.1566234982442755
17696,0.6648777792124231
17697,0.020945007965404206
17698,0.16094026451158616
17699,0.028489557761290432
17700,0.5689482186038015
17701,0.055469921156257165
17702,0.024155427339768033
17703,0.8598111540375593
17704,0.013965128536219578
17705,0.014313047201628652
17706,0.01608888633447076
17707,0.05855386968994085
17708,0.6726488156166218
17709,0.8261757172177266
17710,0.9121437901848595
17711,0.010249716920464245
17712,0.9325383009397793
17713,0.061663331592186434
17714,0.006206838826999351
17715,0.06737553031176308
17716,0.8918349263036416
17717,0.057363844767991966
17718,0.020233752179318457
17719,0.9395643334021919
17720,0.5472191684650474
17721,0.3962875030875736
17722,0.65874251651115
17723,0.012051629021468856
17724,0.01327634268118943
17725,0.027787059981083204
17726,0.2510067947049281
17727,0.21514770148536388
17728,0.017219798948378925
17729,0.03260033658956279
17730,0.008980191600120816
17731,0.02048364967286917
17732,0.6254155167649276
17733,0.015529966584539938
17734,0.014260181354747704
17735,0.014222701689871305
17736,0.8362501591268392
17737,0.06315455775389185
17738,0.2293372928031799
17739,0.8969739570246328
17740,0.0687467699151301
17741,0.015685180928895575
17742,0.02927672864253742
17743,0.3388787471830069
17744,0.948765528471666
17745,0.03004889551248189
17746,0.09665594104631949
17747,0.8020521242262985
17748,0.7561968385265306
17749,0.008735729668606366
17750,0.016547821844365887
17751,0.12456729147298665
17752,0.07706930515989345
17753,0.005634700260153736
17754,0.022025360234168408
17755,0.004716158298460942
17756,0.06163866463305956
17757,0.08788625591008246
17758,0.6490543126180249
17759,0.017424655907452027
17760,0.0034863003346429816
17761,0.0544322259937322
17762,0.7120981851094349
17763,0.011615085528324288
17764,0.02587208990322149
17765,0.7971550170512622
17766,0.017192992142252964
17767,0.6434385886381964
17768,0.0252375703701684
17769,0.026395076102978813
17770,0.16793377624999312
17771,0.06888210244548512
17772,0.44357976630934526
17773,0.03200803436637888
17774,0.29833014419550824
17775,0.04016997963889248
17776,0.14501625293740283
17777,0.6809652354553897
17778,0.1251547264955433
17779,0.022713957854507756
17780,0.022401799901070336
17781,0.8817890446423811
17782,0.12182303640328712
17783,0.03827673919732013
17784,0.0073847007399179335
17785,0.013577490089702661
17786,0.008062437545024663
17787,0.27723588317750375
17788,0.25044831312563526
17789,0.09364510544785846
17790,0.09614989858207487
17791,0.7876702982274577
17792,0.01047216921761643
17793,0.025716505942905022
17794,0.010787361105839588
17795,0.05101821186415286
17796,0.003443371401666095
17797,0.0294105453127434
17798,0.04351569635293561
17799,0.11847762485280208
17800,0.009247439784893882
17801,0.04558376397357304
17802,0.02101395937899878
17803,0.03578246350772353
17804,0.04342682742281176
17805,0.008684220853493395
17806,0.7081895534806577
17807,0.587550764955082
17808,0.02386806803045275
17809,0.02311226522816599
17810,0.3663604678086378
17811,0.27156637607713763
17812,0.009116645313060934
17813,0.023122888353781554
17814,0.023486255700916156
17815,0.02391607442332474
17816,0.0478535712738301
17817,0.012218774852012107
17818,0.024778071051409764
17819,0.7925957124173594
17820,0.011306144352357581
17821,0.508635563232313
17822,0.07518378884323466
17823,0.011029934007828004
17824,0.11789157050636259
17825,0.02475423753711248
17826,0.013513894333717098
17827,0.929625620095677
17828,0.29403703962863936
17829,0.004430061510561645
17830,0.0844732843394839
17831,0.008121298344003323
17832,0.04417865896954898
17833,0.02003618004877892
17834,0.02781014633089711
17835,0.260691615342156
17836,0.04044262140464284
17837,0.0440922658995843
17838,0.4365689637988501
17839,0.4664577684843031
17840,0.013138087774646305
17841,0.35756228748939833
17842,0.04445124016181293
17843,0.026501996637587445
17844,0.07792046794803921
17845,0.02975174669330118
17846,0.059087035855341384
17847,0.009602344074198813
17848,0.20332205083371033
17849,0.01553927488418305
17850,0.24988497278777086
17851,0.30225543863456594
17852,0.015319599401723595
17853,0.9591544244812694
17854,0.5283995860566565
17855,0.2282142588694754
17856,0.5917847932292509
17857,0.171567981474898
17858,0.032467556235785594
17859,0.0061104844040774054
17860,0.014881828257608984
17861,0.10231603869288175
17862,0.018836926119009417
17863,0.061974420345783834
17864,0.004527220192863788
17865,0.02742567342818591
17866,0.6484091493428399
17867,0.007446255914572535
17868,0.016813828860068963
17869,0.015770401252860514
17870,0.32686690471794805
17871,0.014606375635419189
17872,0.0251036450926315
17873,0.06039916236004552
17874,0.027447597268409493
17875,0.12956290405731838
17876,0.0735254019617822
17877,0.15749381017747296
17878,0.012794122287256267
17879,0.025323919761081486
17880,0.19197565135661507
17881,0.20032010571611988
17882,0.5403984405872676
17883,0.004633662033470365
17884,0.5832382886596448
17885,0.26288237226049566
17886,0.03605120893657024
17887,0.021139182901692158
17888,0.060797837465471787
17889,0.09080155316652248
17890,0.13196871120879683
17891,0.05821258737769555
17892,0.019712701054596347
17893,0.00825451662356657
17894,0.1023790795865787
17895,0.015985459588160313
17896,0.016668162702257648
17897,0.22446528323405399
17898,0.1011545012570792
17899,0.10019001180373267
17900,0.02820406399309197
17901,0.5196684932249359
17902,0.028575129287390096
17903,0.13997359984964586
17904,0.24338272020933047
17905,0.030699477942415752
17906,0.5486249895743169
17907,0.5758071439282795
17908,0.030491901185131797
17909,0.3412109913670722
17910,0.20124267043947558
17911,0.07866001227318863
17912,0.12542620178823577
17913,0.09327153672686378
17914,0.04707130245344592
17915,0.9204100706936121
17916,0.7382590668208161
17917,0.04766738815009331
17918,0.9371535686803072
17919,0.2127069982026476
17920,0.7831540160544961
17921,0.02625086305390555
17922,0.024662637314847337
17923,0.008573945820520986
17924,0.007454910817522104
17925,0.04848990963251297
17926,0.20804336779253835
17927,0.059280427171348224
17928,0.12184671924841017
17929,0.612319692008015
17930,0.02722382057675083
17931,0.017994637971288512
17932,0.872952157481362
17933,0.1058410516643107
17934,0.16537179229507123
17935,0.01065232047575155
17936,0.12978801377829932
17937,0.060805313399622335
17938,0.015659783180720165
17939,0.6410481121578846
17940,0.7239173341932141
17941,0.014623631414295759
17942,0.00910278199867743
17943,0.47585208371015
17944,0.05993414476004109
17945,0.02283494681188439
17946,0.3300504565623615
17947,0.015799150154695553
17948,0.03904883425041236
17949,0.17307732878114693
17950,0.02110564486316746
17951,0.5138793378676267
17952,0.05925940441420083
17953,0.0481844835303956
17954,0.09023555453384502
17955,0.32722684405244656
17956,0.7631233152054644
17957,0.02417027817710372
17958,0.0097972097054421
17959,0.004103928651836843
17960,0.021536908143732426
17961,0.07495554884590151
17962,0.025437810445067786
17963,0.03479045082941195
17964,0.4750917354175966
17965,0.9671680989011345
17966,0.006310384659245529
17967,0.019181773586087376
17968,0.020406178191054825
17969,0.18217103420469286
17970,0.6472807226120544
17971,0.7982041092943889
17972,0.005783802648904553
17973,0.056000806528220606
17974,0.018366408503737858
17975,0.7837914229249148
17976,0.024221489510987904
17977,0.547003573478683
17978,0.004525348267214811
17979,0.2972265475517995
17980,0.36034131665804964
17981,0.11361570685438932
17982,0.009316400377293525
17983,0.09028819944439627
17984,0.46720557508635857
17985,0.23478484373191505
17986,0.6823703410064884
17987,0.012990793911468602
17988,0.029930480589239437
17989,0.3911264998735548
17990,0.010924979927792844
17991,0.03193400183934825
17992,0.25578137529521916
17993,0.7168513798749239
17994,0.013117221877197126
17995,0.6479627442270142
17996,0.25044316727170224
17997,0.5890401611433709
17998,0.10049751975413981
17999,0.8890918775796482
18000,0.008140424858560237
18001,0.1428867406658749
18002,0.010675135455795697
18003,0.07141369504513649
18004,0.4816879633151391
18005,0.5291611557774355
18006,0.2510166051609142
18007,0.019427512545378906
18008,0.021740823025104244
18009,0.017940792980422563
18010,0.9716887147009581
18011,0.19437615806852268
18012,0.650371347531179
18013,0.1917590276182947
18014,0.20336165660725708
18015,0.04597457555621319
18016,0.011201203648127718
18017,0.015099562575204506
18018,0.03391095810740832
18019,0.04254246102324824
18020,0.5701666785944016
18021,0.10468106249427216
18022,0.26060415003011117
18023,0.5008039718466035
18024,0.42116040448579595
18025,0.01831666458516576
18026,0.019904424782571435
18027,0.017965519827470203
18028,0.005340748147326882
18029,0.1712194233344626
18030,0.020675721435553306
18031,0.3629115124297079
18032,0.7433996995021944
18033,0.006061425358777096
18034,0.1948642933815109
18035,0.010724368178016594
18036,0.023332986160951405
18037,0.008557415478211143
18038,0.036719490075042056
18039,0.7766479832355624
18040,0.011952034991936741
18041,0.33339676662870366
18042,0.003950083663656383
18043,0.03450440716914796
18044,0.01432906729865402
18045,0.019320308721024634
18046,0.00896997973067107
18047,0.6707325134416616
18048,0.048921268368397025
18049,0.015114101395269506
18050,0.16538675231085634
18051,0.34061091893425266
18052,0.7592960105744361
18053,0.00831309805796609
18054,0.011667525777019011
18055,0.005858696731505897
18056,0.17497935439431994
18057,0.37368215381460146
18058,0.7949237182048399
18059,0.16931456780646006
18060,0.02733136398054843
18061,0.7648985229121328
18062,0.06111077146792953
18063,0.9471403650393337
18064,0.015424718758299925
18065,0.032939075632474495
18066,0.3320117290938686
18067,0.5147304301109265
18068,0.397881497709487
18069,0.9552192759038012
18070,0.02244465521299531
18071,0.8000967614260287
18072,0.04576432325470959
18073,0.004733616316206721
18074,0.0036476483008230777
18075,0.7346340658574384
18076,0.03666691142920355
18077,0.260869642276749
18078,0.302146372661266
18079,0.5843177184589615
18080,0.10247722418882034
18081,0.8137581944861325
18082,0.025978893621668595
18083,0.05337734442766615
18084,0.025298472009679152
18085,0.6728349834783242
18086,0.0349081485878662
18087,0.19857570319398388
18088,0.2680582008079768
18089,0.024621844486758873
18090,0.818786728900595
18091,0.11817173979405517
18092,0.024189006948293037
18093,0.020907144709346716
18094,0.02934516069671272
18095,0.3433833010014958
18096,0.9714478720284521
18097,0.018505273853830672
18098,0.025626146246686757
18099,0.027202200840376577
18100,0.762766353741227
18101,0.9590946133689627
18102,0.017543993067408968
18103,0.950169938437213
18104,0.9024397759033971
18105,0.731883023784556
18106,0.37772958359198405
18107,0.039024181148132484
18108,0.011165125693853669
18109,0.6537886923554389
18110,0.5780055300726366
18111,0.024069723941291313
18112,0.08215243534249352
18113,0.05124218415994312
18114,0.09620245016795038
18115,0.715722773816799
18116,0.1572649713859123
18117,0.07050056694363988
18118,0.21712471436058156
18119,0.020260111995332317
18120,0.06622605847564413
18121,0.8685679889097432
18122,0.0049542820199226754
18123,0.33151948704935913
18124,0.004802961904794384
18125,0.004168440792815811
18126,0.016811406680119746
18127,0.6378280400713088
18128,0.05647145242764152
18129,0.033007677690331735
18130,0.0668075212191555
18131,0.06994331634865444
18132,0.7756235405002246
18133,0.008399204872876492
18134,0.025203618668074225
18135,0.02548814969453421
18136,0.06318133139797977
18137,0.005912377190889813
18138,0.13028401062455944
18139,0.8958085910562371
18140,0.0422203789768771
18141,0.29147134597040764
18142,0.02609482868382551
18143,0.042956241355709975
18144,0.1384986474552666
18145,0.7606958878696279
18146,0.33418422802924236
18147,0.42623188778392235
18148,0.9426734524391227
18149,0.7596384045727071
18150,0.052616967077828064
18151,0.5539518545459088
18152,0.007290218641980017
18153,0.04470479447715675
18154,0.027273757877199118
18155,0.09210457837795821
18156,0.05266747821251728
18157,0.039135263115268985
18158,0.14919180559126344
18159,0.034808183911755095
18160,0.011613248564677537
18161,0.02171394806101297
18162,0.007672408950578383
18163,0.17764003885507215
18164,0.26652250962721974
18165,0.25007996581283504
18166,0.2223269221492204
18167,0.4684025298566027
18168,0.04165426433139059
18169,0.38401106681245945
18170,0.06488473810223466
18171,0.028450416152306802
18172,0.010805704949125354
18173,0.04032315363343652
18174,0.06616002321149024
18175,0.7421160709024257
18176,0.08687093587709034
18177,0.28111945971298713
18178,0.707714171465246
18179,0.006355023983173807
18180,0.05888568255205794
18181,0.027563474596820785
18182,0.6468933470378719
18183,0.25048211129090825
18184,0.022076889670919884
18185,0.7969970256405836
18186,0.04087921412884084
18187,0.004684487539578673
18188,0.22195299056469975
18189,0.09548771037004578
18190,0.7411245977410951
18191,0.15292229509969774
18192,0.03575214555262035
18193,0.004489593633744361
18194,0.7536340781735106
18195,0.016276986284385633
18196,0.17543373899557108
18197,0.3777175075157826
18198,0.024934238317542233
18199,0.01071316365351944
18200,0.46927388617533006
18201,0.04578341352729887
18202,0.9614375246971157
18203,0.027338933249435985
18204,0.12327801137576748
18205,0.11665392244437972
18206,0.8588593490953389
18207,0.018813374458812343
18208,0.19566140325968256
18209,0.14014371956872343
18210,0.7720195986978868
18211,0.024847749826142258
18212,0.7995321039698677
18213,0.16758659117189295
18214,0.01018750165001035
18215,0.05144949753058338
18216,0.020466485875920513
18217,0.7806616304096131
18218,0.022137006036981894
18219,0.5636031176249156
18220,0.02684630348955898
18221,0.012465562922567761
18222,0.017579354363133626
18223,0.012666322420691656
18224,0.0399119626175653
18225,0.049336247707169184
18226,0.9106801596817476
18227,0.17205048282195698
18228,0.02531929756683951
18229,0.004990010908853791
18230,0.004501399094108537
18231,0.11510201905568573
18232,0.15887662361717142
18233,0.056800380385877335
18234,0.016148016445727123
18235,0.030115466785788497
18236,0.07617534853433275
18237,0.01292177333807491
18238,0.31543574601728436
18239,0.44906904690988386
18240,0.9066103111456212
18241,0.562620086508808
18242,0.016198377555376155
18243,0.9156215895765369
18244,0.12094125463487354
18245,0.3432819453877918
18246,0.4268549115247742
18247,0.5929332318656102
18248,0.06729903755335925
18249,0.04604021461029059
18250,0.004709472711126272
18251,0.06905328157025883
18252,0.12938206910985775
18253,0.1831325532568897
18254,0.148157678292043
18255,0.015105916720805935
18256,0.23219780951417462
18257,0.11309695808729822
18258,0.08525431079356553
18259,0.6921481275629308
18260,0.015186950817789181
18261,0.34924520426408484
18262,0.12592489204900226
18263,0.03390965597460352
18264,0.004245950091862824
18265,0.09859918639148009
18266,0.008687493663248428
18267,0.03173413806478852
18268,0.11260540784686
18269,0.632421674666849
18270,0.0035971845642883394
18271,0.007886335724749364
18272,0.1587636256444831
18273,0.028797699545573863
18274,0.21651465804156358
18275,0.5627859279688269
18276,0.03285941115119426
18277,0.31270185473739487
18278,0.07048369603040298
18279,0.010549095898300434
18280,0.10874819593528162
18281,0.8170288547220284
18282,0.025591105226324504
18283,0.5523958919713825
18284,0.01952029530614346
18285,0.00998621640041064
18286,0.017650341695161744
18287,0.20770059405060237
18288,0.02891076569825791
18289,0.19901984876147316
18290,0.343043120753753
18291,0.23446431484492372
18292,0.020706344202924578
18293,0.3422332372393708
18294,0.9155412884680991
18295,0.4980374035405818
18296,0.057207941329348984
18297,0.011364099810035645
18298,0.36503908455860495
18299,0.011040233128659671
18300,0.07965698989463461
18301,0.7100872573548274
18302,0.16816705421299288
18303,0.04700937896089787
18304,0.8477527588978819
18305,0.9106858558601608
18306,0.7551490085935564
18307,0.18879806230593402
18308,0.02700090025495055
18309,0.9569019391040737
18310,0.20829287977016192
18311,0.7045128793091667
18312,0.0390416940069766
18313,0.02147235040916346
18314,0.00890944879481673
18315,0.014387161633291639
18316,0.04318695078134278
18317,0.0550809128226939
18318,0.7072338136511394
18319,0.02193417603689848
18320,0.7808360958991898
18321,0.014321833253503488
18322,0.012091002532963507
18323,0.0119398552283536
18324,0.8762795921232567
18325,0.2855110887454304
18326,0.035014796754875836
18327,0.010338493608235846
18328,0.012612334935163014
18329,0.09415100598092535
18330,0.02613926812339906
18331,0.19425459706970932
18332,0.7473543984060329
18333,0.5474891896751825
18334,0.037344376529895446
18335,0.018185638630130414
18336,0.1950409905128394
18337,0.5184148135602547
18338,0.017475739009339818
18339,0.013682790938569911
18340,0.0044402630255156415
18341,0.3696053691740639
18342,0.7490227086533795
18343,0.14620752180223512
18344,0.0045246988752774935
18345,0.6737798556571326
18346,0.5441056264986522
18347,0.06803635299813074
18348,0.4122006257607373
18349,0.9756723156937326
18350,0.012734706349015454
18351,0.006613498583831117
18352,0.15614541111658345
18353,0.050719756576896736
18354,0.15270993086903034
18355,0.10633153356218365
18356,0.05502891201946136
18357,0.42094472500069413
18358,0.1652269975741574
18359,0.018305544724061002
18360,0.12665850617700591
18361,0.021272248011879324
18362,0.40181296833806607
18363,0.03682097313456126
18364,0.04355771002147686
18365,0.01631075850857612
18366,0.04061757639231049
18367,0.09468565752962695
18368,0.13109879909155248
18369,0.013722997257761316
18370,0.782128254726063
18371,0.026220606464512134
18372,0.01690908205939711
18373,0.03322468237364116
18374,0.08671084328037124
18375,0.017166173940700993
18376,0.011991736732290578
18377,0.055221571344551294
18378,0.06639498094428341
18379,0.029594858771220478
18380,0.1517441867329753
18381,0.03252465076166398
18382,0.01465706578728753
18383,0.032505529930540254
18384,0.739890324163582
18385,0.007018474202095563
18386,0.4082147412536345
18387,0.06160282625950196
18388,0.8224989965801132
18389,0.0655311764383022
18390,0.011424550118769345
18391,0.4272787400997201
18392,0.030213323790788515
18393,0.6701627892157164
18394,0.019405071671321255
18395,0.9586233470352953
18396,0.0042348471004567375
18397,0.12061207426078648
18398,0.03942507922842801
18399,0.012463659036505776
18400,0.017563560931076663
18401,0.5770820186063964
18402,0.24417119862633277
18403,0.028834416118917447
18404,0.012163171763909283
18405,0.07269618220213507
18406,0.03236228090959458
18407,0.09687438233331479
18408,0.4513113701205734
18409,0.14640771836167485
18410,0.19772529456283444
18411,0.10652219043957926
18412,0.02141234327712259
18413,0.13963625236189012
18414,0.01126784324395071
18415,0.1428828586550898
18416,0.25327581619867334
18417,0.8148760139626426
18418,0.01431837932058018
18419,0.01490901894934991
18420,0.006100512197423507
18421,0.0525526403248146
18422,0.08120758391306465
18423,0.7004270833537725
18424,0.6218825144841744
18425,0.015463179130753709
18426,0.9325558726808474
18427,0.44465250974786774
18428,0.04725044675386854
18429,0.23595117605979335
18430,0.038045762961757386
18431,0.02317020574656169
18432,0.8574824929225932
18433,0.057585489726820996
18434,0.5569167265977313
18435,0.035395859589933916
18436,0.02612174432799606
18437,0.5297492280829905
18438,0.41663620635869364
18439,0.03422564092216857
18440,0.8157329302417949
18441,0.018302593295722622
18442,0.146402938554234
18443,0.009764746375404868
18444,0.06585978099069836
18445,0.011142705739073451
18446,0.8063214747119019
18447,0.02881856485431963
18448,0.10152295537487392
18449,0.009965903350336307
18450,0.02604347221415875
18451,0.2518201252449175
18452,0.0198498434628098
18453,0.06667704426809513
18454,0.8044210365607843
18455,0.06422160851818505
18456,0.028278972585937617
18457,0.6172465743160338
18458,0.0407571476481332
18459,0.0317353313671363
18460,0.046049676453604034
18461,0.013562640237496286
18462,0.7580551209410129
18463,0.03911913068144493
18464,0.00646555892294123
18465,0.08973904614872881
18466,0.6152439447581791
18467,0.16248080883585536
18468,0.023386579233924943
18469,0.1843049285459525
18470,0.02535989233481933
18471,0.032984060972497085
18472,0.3217517447001248
18473,0.01978582832003669
18474,0.04059774855082182
18475,0.004342581352458864
18476,0.25448126990508635
18477,0.16603400523425105
18478,0.6759598420137869
18479,0.021665566418589795
18480,0.032829658486847685
18481,0.009166497217856362
18482,0.017131194713924124
18483,0.0637114994373064
18484,0.015455548073555347
18485,0.5870995016028422
18486,0.1642560967348747
18487,0.1114553766603022
18488,0.0041539880309365675
18489,0.13791830649577475
18490,0.05904020201309204
18491,0.0039965557714808815
18492,0.01220965464134922
18493,0.016796339626663048
18494,0.018848109387299777
18495,0.05669580809856404
18496,0.009276946719811704
18497,0.7310654844445481
18498,0.005783660220601263
18499,0.004490934156388099
18500,0.10971338889596836
18501,0.014171104374495876
18502,0.6971939413772671
18503,0.12690635754164167
18504,0.10926424009444473
18505,0.029741084737593102
18506,0.04391189965443492
18507,0.025230234169091436
18508,0.021894967824342162
18509,0.03009189291986218
18510,0.017019954004615357
18511,0.005981052899321313
18512,0.014801706370484636
18513,0.01759688369337843
18514,0.15824088831915567
18515,0.7923336530597428
18516,0.020715481238809653
18517,0.4236160199230375
18518,0.028378903825515597
18519,0.036051976153970725
18520,0.023686289156200243
18521,0.027192058619874313
18522,0.015843587597438435
18523,0.56935406723301
18524,0.1982073488642518
18525,0.015311905871990616
18526,0.07516207923339056
18527,0.9502582288740581
18528,0.05920162348695873
18529,0.7149323108033789
18530,0.016718770323680295
18531,0.9607858651382709
18532,0.017014274215934388
18533,0.11333013921305561
18534,0.05070869982711718
18535,0.03584500162565336
18536,0.2303564304128567
18537,0.0037307647949702933
18538,0.1698094690100287
18539,0.005390760328852145
18540,0.026505038999899817
18541,0.04386314670200192
18542,0.1330828236824644
18543,0.9422474410299126
18544,0.4728131107798474
18545,0.7922519169048718
18546,0.48726926861711123
18547,0.11945941790439507
18548,0.7890762418094225
18549,0.23065015119454813
18550,0.5408674073543824
18551,0.02483232416005231
18552,0.3740538028682985
18553,0.011948151605777904
18554,0.055015956415270705
18555,0.021902724826646597
18556,0.0787255515114112
18557,0.07229967730469952
18558,0.9022241283171806
18559,0.3512081564116273
18560,0.14900266238363485
18561,0.28825175789576574
18562,0.05012154377486251
18563,0.11107375024968308
18564,0.08944098831856992
18565,0.0365783700115393
18566,0.053495901779313265
18567,0.09841638763662303
18568,0.019077776525437483
18569,0.21272607265169038
18570,0.005686992054958231
18571,0.01207212959695313
18572,0.018997993152112577
18573,0.06948800003491122
18574,0.022985415447251918
18575,0.01736577585533078
18576,0.12449610641898369
18577,0.014056921747886595
18578,0.15549312608349808
18579,0.030638944985869908
18580,0.03159435278003488
18581,0.07732821357233562
18582,0.004450002806835346
18583,0.014401063423529186
18584,0.24206383427629838
18585,0.5062224916866452
18586,0.5603669191412208
18587,0.17862426141409762
18588,0.9641054310822779
18589,0.022818021277746507
18590,0.5102016122164551
18591,0.017161172060393005
18592,0.013388049185573783
18593,0.11093589579486546
18594,0.12565657104571262
18595,0.01787989494781125
18596,0.5865550624649003
18597,0.021132733448949347
18598,0.01993515366464905
18599,0.06006103984649029
18600,0.021913311414638183
18601,0.9267449480022892
18602,0.006878519903507882
18603,0.020570124399454423
18604,0.8502936607093534
18605,0.01453831808938379
18606,0.02441784281806227
18607,0.015052872859881139
18608,0.018351613761854783
18609,0.049068960840525026
18610,0.04679967384837727
18611,0.9198747556096519
18612,0.01697720693256146
18613,0.19835565040302852
18614,0.017291739523323767
18615,0.029208769202607923
18616,0.02952680099670151
18617,0.011377367320314134
18618,0.05423396674451645
18619,0.04514157100843184
18620,0.21324501201046253
18621,0.030094732188869145
18622,0.1751256298072223
18623,0.17315296970013505
18624,0.004025343690182513
18625,0.9130832660906705
18626,0.9808084674671507
18627,0.010213859122805478
18628,0.6424435841902545
18629,0.018661193850122545
18630,0.09399847634464234
18631,0.08336910685513059
18632,0.02083233552864061
18633,0.0233107015158517
18634,0.27737841710718225
18635,0.3760062278627883
18636,0.9073578941387559
18637,0.1569476570357911
18638,0.014844076547083031
18639,0.023858047503439613
18640,0.27318282019305207
18641,0.6940701407417715
18642,0.005672717384415892
18643,0.16131507045619792
18644,0.032548201785863734
18645,0.05759820827493287
18646,0.9377691313111615
18647,0.16672561335402203
18648,0.01751918427316078
18649,0.028680687996279413
18650,0.4990130027121113
18651,0.36975710761806313
18652,0.521926245555177
18653,0.33619372523563695
18654,0.11047734513666159
18655,0.9271727462147845
18656,0.005127648067410638
18657,0.6294288387402368
18658,0.02907243932318384
18659,0.7483924034195834
18660,0.06797308799589818
18661,0.3900614882085173
18662,0.21792296285142737
18663,0.4376940481786118
18664,0.05911815963058773
18665,0.19353654892615768
18666,0.21415573020512554
18667,0.05734062809399968
18668,0.5127290441577923
18669,0.21934873216908865
18670,0.02055090538859472
18671,0.0129357581260252
18672,0.011411083763575356
18673,0.19669608821951837
18674,0.14928318979157043
18675,0.9262866066569431
18676,0.29720252901807437
18677,0.9719216877627206
18678,0.00542531721594748
18679,0.013549744231578943
18680,0.023418562080845223
18681,0.08352052556043969
18682,0.15899287887900362
18683,0.3219406041741052
18684,0.55509808444816
18685,0.04521760391055896
18686,0.5857639894379336
18687,0.016606842012447543
18688,0.013615768769839155
18689,0.455183731359997
18690,0.026483525482365055
18691,0.024303981532720117
18692,0.003324759462512612
18693,0.11043248116116935
18694,0.006492884823339969
18695,0.021656996833569902
18696,0.6161736272632244
18697,0.3108482855826127
18698,0.6610881788666444
18699,0.06372716177061323
18700,0.41655266050321094
18701,0.024446689068749482
18702,0.040719374572563735
18703,0.07797946591525337
18704,0.06371867228944335
18705,0.04249558540737256
18706,0.03625906929591632
18707,0.16036542775415644
18708,0.10624178374474097
18709,0.004849612467212132
18710,0.02484690867410158
18711,0.3046173198273785
18712,0.0607319750607956
18713,0.01266771107201907
18714,0.016853204114185213
18715,0.017897212192540687
18716,0.13986798939526876
18717,0.07115883024924244
18718,0.015204643438240312
18719,0.27646609384247256
18720,0.11526465392227637
18721,0.06924829528659383
18722,0.6733332834796013
18723,0.7545264674558834
18724,0.29217269255868594
18725,0.03058955905360543
18726,0.021783290331680402
18727,0.00419379332892644
18728,0.34772890507002335
18729,0.11962771866957433
18730,0.33895033895942617
18731,0.45314228505352666
18732,0.014168465554373925
18733,0.04842983014658503
18734,0.28171425568570363
18735,0.00791397099776755
18736,0.18505567960496616
18737,0.11512610677295287
18738,0.05523155827329363
18739,0.01778264803490141
18740,0.341420100647136
18741,0.022393265630150025
18742,0.03488079027497598
18743,0.06132579131288631
18744,0.017512719381860716
18745,0.010638244016907801
18746,0.06451923778824226
18747,0.810034145723034
18748,0.1798130983494978
18749,0.37961332121051405
18750,0.027880043544922514
18751,0.013258153453861457
18752,0.016098279863124485
18753,0.03025405196995406
18754,0.051898475330476736
18755,0.052047227720327605
18756,0.004561355466361885
18757,0.014591699147048904
18758,0.03146232199522388
18759,0.027366318146895635
18760,0.04546668133443567
18761,0.009526569701149653
18762,0.19476928119289133
18763,0.08801698176616123
18764,0.06371191406337895
18765,0.8193653983318849
18766,0.006892699231506354
18767,0.0665211226407552
18768,0.17382111222469004
18769,0.040849286598106084
18770,0.8198251929075898
18771,0.02594492021293788
18772,0.43218613905434916
18773,0.012767568513516004
18774,0.005910332626913053
18775,0.021776339831537664
18776,0.4357127579587998
18777,0.1662974081651939
18778,0.04242848265054848
18779,0.7179410025901355
18780,0.017952308324408247
18781,0.14008958576013852
18782,0.026683997846847874
18783,0.22013872009124197
18784,0.005497234994355017
18785,0.02342017310258192
18786,0.5958022320093947
18787,0.010333579544956305
18788,0.7827659738919599
18789,0.004819722658259712
18790,0.019165406116901856
18791,0.016202373307139736
18792,0.0036730965342886613
18793,0.014005253184670741
18794,0.01588805659617011
18795,0.09550316133847175
18796,0.7877299874058946
18797,0.9542050544672033
18798,0.1626197092528425
18799,0.015093952094513603
18800,0.546697250546671
18801,0.4977875922345665
18802,0.2678501483325985
18803,0.01534263952951816
18804,0.08089978403308186
18805,0.974640088925718
18806,0.011138598496087372
18807,0.0064947721723396116
18808,0.20108391979852253
18809,0.04465457568322381
18810,0.04187394318645614
18811,0.03072453843198024
18812,0.9449222252922698
18813,0.024089697907497997
18814,0.46185722917809047
18815,0.00346329622431519
18816,0.004009107445754821
18817,0.0054814255156229565
18818,0.4026019193213316
18819,0.03699487918128381
18820,0.17425068934078067
18821,0.006692223323230385
18822,0.021106477694241996
18823,0.2314364860401729
18824,0.8928146407268615
18825,0.1345427441563115
18826,0.02215399472652824
18827,0.009449246441241645
18828,0.04025064659394234
18829,0.014320159387189984
18830,0.022431749942175477
18831,0.96921415223842
18832,0.03471911953007443
18833,0.37038741907118067
18834,0.011346421475684366
18835,0.015225656240090287
18836,0.016991331360945893
18837,0.26089175873900955
18838,0.025662860702402365
18839,0.004728507227368425
18840,0.07998755099908254
18841,0.01314536843267702
18842,0.02095292946283469
18843,0.05688932520084153
18844,0.01795510056843797
18845,0.02573786047226913
18846,0.8997158012222684
18847,0.2988476375545039
18848,0.9027500604181057
18849,0.4354107173119866
18850,0.16376024692694102
18851,0.05454480584615306
18852,0.6018279844889718
18853,0.08234907179078077
18854,0.0053055810547117215
18855,0.6333040943479084
18856,0.006444504057057495
18857,0.3783838685142368
18858,0.03470481941319698
18859,0.5780386318702653
18860,0.01415843020088494
18861,0.31979243995179163
18862,0.011072814504448865
18863,0.01671746035149607
18864,0.7571911224486486
18865,0.06681549202513014
18866,0.00611158306315544
18867,0.27750296474498387
18868,0.012349036071585892
18869,0.01628441159139158
18870,0.16952144020671567
18871,0.01438238688902419
18872,0.8522077369489154
18873,0.8783957935427154
18874,0.08558115020586868
18875,0.5896356648305432
18876,0.08832091052860616
18877,0.018282659633847936
18878,0.014792892615420295
18879,0.03067047524596755
18880,0.10524841341972602
18881,0.0431872337914068
18882,0.010816367512105931
18883,0.06868136390217475
18884,0.014240076313809327
18885,0.03149163194735783
18886,0.6327332620372544
18887,0.02694773889146616
18888,0.019959817152246883
18889,0.04376649147252323
18890,0.03201371806681562
18891,0.7661062228124859
18892,0.025035010824887505
18893,0.011260010730842531
18894,0.3101123651849439
18895,0.004352644097307275
18896,0.005166125528086032
18897,0.19677189962362746
18898,0.02601519284777571
18899,0.4268558893137178
18900,0.028488556425645455
18901,0.017981693932030324
18902,0.759249001315834
18903,0.5221816416407239
18904,0.9354952273409114
18905,0.013293258807394133
18906,0.013842895926204754
18907,0.08900563009525492
18908,0.03185996295176806
18909,0.027814550656390064
18910,0.011428024828733696
18911,0.6018307934150634
18912,0.014744820986919321
18913,0.36433620716028076
18914,0.010301198721230514
18915,0.015980959666830306
18916,0.11114301130226988
18917,0.059174911181174815
18918,0.13530296031638564
18919,0.27349063975634136
18920,0.005429177243867818
18921,0.006554640841829627
18922,0.010720080789127524
18923,0.0345743595524772
18924,0.041003664191070606
18925,0.010842728117630802
18926,0.7561550536914655
18927,0.004255272943091189
18928,0.01954634554769886
18929,0.014712495428568546
18930,0.1826209924618521
18931,0.6073174782875401
18932,0.6455437090482832
18933,0.9290960259182316
18934,0.01612949170009348
18935,0.07241986908958462
18936,0.02640610411873323
18937,0.05299172461960997
18938,0.04504371506721203
18939,0.05116372497444008
18940,0.018186513973927402
18941,0.22918476843499927
18942,0.034374192475670175
18943,0.4499766967560616
18944,0.006298173065524059
18945,0.017455556759247794
18946,0.2545586783914593
18947,0.006289605980490692
18948,0.26234767769886996
18949,0.025843268168277013
18950,0.2109886668248233
18951,0.24986851844449923
18952,0.15999962868377524
18953,0.015913538976018014
18954,0.08707879287674708
18955,0.12801957502883993
18956,0.376438565068289
18957,0.37430861751637573
18958,0.9626721951373527
18959,0.004232534088798453
18960,0.11528190398745823
18961,0.846510772703785
18962,0.1333396157244124
18963,0.8897607242072288
18964,0.4287575769669691
18965,0.006871482936458752
18966,0.04869538830618984
18967,0.5558123234461303
18968,0.14667615254407554
18969,0.00928251046145064
18970,0.25669516049309665
18971,0.0037736681879846183
18972,0.7572967830495273
18973,0.2800647532721652
18974,0.0619877190840116
18975,0.06711565906946565
18976,0.15831041346125183
18977,0.5766833795401727
18978,0.037330373458037164
18979,0.9104957038734551
18980,0.02377682625771131
18981,0.048684656355352116
18982,0.6452551599614307
18983,0.13614116772247933
18984,0.0055817983234548695
18985,0.011777841106054444
18986,0.2852506332387767
18987,0.10038812295683058
18988,0.6672244843192555
18989,0.5273775036895021
18990,0.45720774701077715
18991,0.05857648108948349
18992,0.01319601580361817
18993,0.017413644269195297
18994,0.03656758642788006
18995,0.20129691431859764
18996,0.031493135598082596
18997,0.3051683470202892
18998,0.21487628412965212
18999,0.012419525990408565
19000,0.03619766132544079
19001,0.7739739873634792
19002,0.0659452027034936
19003,0.21550930076224709
19004,0.15431976650038548
19005,0.012655754790680986
19006,0.120989987186714
19007,0.032115909465723756
19008,0.03678914273620435
19009,0.27015178492145364
19010,0.008808464505173787
19011,0.1482684867179424
19012,0.03647057445856644
19013,0.09266366430427045
19014,0.016659811237598604
19015,0.10927412401358726
19016,0.048015816041301396
19017,0.5606301406194844
19018,0.4175336358382612
19019,0.8276269914190589
19020,0.01597504707208768
19021,0.013015884191960796
19022,0.010718397421254878
19023,0.6881622806643405
19024,0.018856396228925522
19025,0.02700474098980998
19026,0.020240819798652287
19027,0.016999040348270076
19028,0.16766954400673717
19029,0.024633953019794923
19030,0.12213591090862508
19031,0.11811801171694389
19032,0.015125047934517084
19033,0.22850641151535334
19034,0.6437367665784389
19035,0.12680507833218949
19036,0.36495903279799236
19037,0.0566123101321302
19038,0.8618819215974642
19039,0.8997681542024183
19040,0.2938316178402117
19041,0.00999979969354886
19042,0.08949372064108725
19043,0.04525971512856214
19044,0.26036260242224374
19045,0.11197951277693895
19046,0.11575745485140163
19047,0.004358248847663239
19048,0.04849538189524614
19049,0.005754515317256974
19050,0.9547992100360083
19051,0.01677091478300581
19052,0.12652523469176677
19053,0.12770403018702187
19054,0.17139510500104663
19055,0.32908145517954634
19056,0.05787612758602744
19057,0.682517856295178
19058,0.4583901234419044
19059,0.13256585102136365
19060,0.06855392256649849
19061,0.017232716187138432
19062,0.011251897310195451
19063,0.2130757362616793
19064,0.9535488090344575
19065,0.19754497345526784
19066,0.38333397826568844
19067,0.005152788180024381
19068,0.9153999311063267
19069,0.3073366786705428
19070,0.06645487711610366
19071,0.09367980722157275
19072,0.7144472931850152
19073,0.004184314493457063
19074,0.12792303603318497
19075,0.03764623483590429
19076,0.4511802078270607
19077,0.05782189933781488
19078,0.15013208689360466
19079,0.015172520823861288
19080,0.06575606122628563
19081,0.7537912395484473
19082,0.07953920011680223
19083,0.09975851297425191
19084,0.0411575854903361
19085,0.08943204345159056
19086,0.016104636833825
19087,0.04463825323544259
19088,0.746538168901782
19089,0.08385732244237348
19090,0.047481544804225014
19091,0.7515801510543677
19092,0.9648081120424259
19093,0.07099797772604584
19094,0.013738820706638849
19095,0.004331032672014755
19096,0.39768862086489337
19097,0.5684895028229778
19098,0.7019666104908737
19099,0.024133970365606383
19100,0.17906909561515164
19101,0.019921236746259664
19102,0.01900909750854347
19103,0.7084771471322955
19104,0.007888429266506592
19105,0.1518089419240865
19106,0.920803633890896
19107,0.9237238329441189
19108,0.3103507282431332
19109,0.009828949648921826
19110,0.11724772550871046
19111,0.01441213488866785
19112,0.7729577844780774
19113,0.5645369195944017
19114,0.01944650183445605
19115,0.20391514597263055
19116,0.17191592507735554
19117,0.05202948758471103
19118,0.33936959821674983
19119,0.021364921553355877
19120,0.13654025865672484
19121,0.3769376841735456
19122,0.27429418810980133
19123,0.1292222752111756
19124,0.031214317603864897
19125,0.018622232537291714
19126,0.9098367518482939
19127,0.12810643908193844
19128,0.00938850160777024
19129,0.018558327322719913
19130,0.4667576202661223
19131,0.014089368902672532
19132,0.01654042741027232
19133,0.0658720341243403
19134,0.0038613330384712004
19135,0.7910021211349779
19136,0.4512401195990903
19137,0.015272926415192274
19138,0.008752697321655853
19139,0.16995707714679475
19140,0.37495576925359303
19141,0.019551314373482762
19142,0.023969844906047113
19143,0.3313073225298762
19144,0.05742708159973087
19145,0.9586570623615818
19146,0.0199432391542388
19147,0.028879767282952856
19148,0.023769700191009352
19149,0.7384564930422335
19150,0.019952754333800754
19151,0.12036734723836111
19152,0.061223337575674996
19153,0.09678727955057088
19154,0.029213961325027557
19155,0.02141078094374728
19156,0.3958365857139556
19157,0.16612806167445626
19158,0.4283422155647508
19159,0.020396679740393286
19160,0.06165651565608656
19161,0.06366257488989709
19162,0.19007955064344195
19163,0.0179383226033203
19164,0.05390601657283631
19165,0.19838600006290993
19166,0.20615236494019323
19167,0.473458967737615
19168,0.8368320059239588
19169,0.010496572239447865
19170,0.2652456115223842
19171,0.01601687483153756
19172,0.010424523517567707
19173,0.5105887226047768
19174,0.6151057501119218
19175,0.058942527690089286
19176,0.01163420124533034
19177,0.026796756488181986
19178,0.03107284634776365
19179,0.021965399187896
19180,0.2027383155166441
19181,0.12042369308521395
19182,0.013985956154174228
19183,0.015618159699211417
19184,0.957042574113639
19185,0.02202891484921652
19186,0.5699744076372287
19187,0.013022612833397881
19188,0.019806472060490254
19189,0.03590840209915121
19190,0.26991270501509107
19191,0.24786141631785452
19192,0.8849546605455118
19193,0.038323628447403044
19194,0.9236216321205097
19195,0.05043725689722949
19196,0.3129243651005308
19197,0.005210472541973067
19198,0.05696465629885478
19199,0.25382987182273115
19200,0.054614060576427884
19201,0.5682735968814041
19202,0.07198670508187965
19203,0.018977612152872598
19204,0.039334893863979606
19205,0.025140456763388306
19206,0.5234398214232524
19207,0.008982030899456973
19208,0.07226683273010216
19209,0.15823140017984
19210,0.2042817190339446
19211,0.46057975835568016
19212,0.019909800506011953
19213,0.12092433759123718
19214,0.02229758728128655
19215,0.029775569546489394
19216,0.031391323564176045
19217,0.927187186177187
19218,0.018514634764701984
19219,0.024781748273220373
19220,0.11747986243239222
19221,0.028467992869600386
19222,0.34390340019886745
19223,0.046626729485546206
19224,0.04674804216213414
19225,0.17451142978199258
19226,0.243590364852116
19227,0.004010022763767153
19228,0.3471137027209178
19229,0.021101929112653364
19230,0.2564535427126186
19231,0.17135729169398906
19232,0.02356449349090306
19233,0.011388087272969763
19234,0.018491985767615488
19235,0.366187407433098
19236,0.040488827225054376
19237,0.04512865031664029
19238,0.028973091541626972
19239,0.015852098713127184
19240,0.013461107787853309
19241,0.011521060813751833
19242,0.08576032099816765
19243,0.034443109652213526
19244,0.05372836314656048
19245,0.9507470216473695
19246,0.022499497914716587
19247,0.05641818246964945
19248,0.23800151517054227
19249,0.7533989423527602
19250,0.21258289762617877
19251,0.048252807265824774
19252,0.05064645050345174
19253,0.05701950953281255
19254,0.0505997490655081
19255,0.5010198339581259
19256,0.014444557954670294
19257,0.024323727745084626
19258,0.09432337160274853
19259,0.23354571811737898
19260,0.12264199441990177
19261,0.12017054896925491
19262,0.03160912882013931
19263,0.08183995423871346
19264,0.10144528330162948
19265,0.0051038729282436015
19266,0.004854148942723478
19267,0.004498913261761353
19268,0.04091451069833579
19269,0.10489166765171218
19270,0.3040059236293858
19271,0.04480386505649602
19272,0.2854008247754982
19273,0.024861883517266287
19274,0.5550870862000253
19275,0.025656525699709137
19276,0.012959489223134037
19277,0.3123593454752777
19278,0.8301661304527831
19279,0.01020069929676345
19280,0.004463879988923043
19281,0.022597913008844138
19282,0.31810877380009467
19283,0.03075040531283836
19284,0.7695995841299278
19285,0.07159000867461639
19286,0.03868086648159346
19287,0.047525174653283715
19288,0.4042841822613972
19289,0.3243237035778228
19290,0.17097492501719425
19291,0.588897190741113
19292,0.02528389092572324
19293,0.12494105833098407
19294,0.014575864510255155
19295,0.3856135437315638
19296,0.01732069144858078
19297,0.21916304822005073
19298,0.03033547204584565
19299,0.9064734881238925
19300,0.5868342428824913
19301,0.09437067222349654
19302,0.02119756160936792
19303,0.05153264331718524
19304,0.27746465933347186
19305,0.24776907619604047
19306,0.007602824590716427
19307,0.018415975950273306
19308,0.055969639118452194
19309,0.02250463304428731
19310,0.05936732074214955
19311,0.04392297230680681
19312,0.029242683576142823
19313,0.00466576127874395
19314,0.020844977837566295
19315,0.02466919177759619
19316,0.027414528267115813
19317,0.43362908750382856
19318,0.0691199549087528
19319,0.8564115905822065
19320,0.6045368486427181
19321,0.9314042945517855
19322,0.01927495254988277
19323,0.011453409985474698
19324,0.5727729961235781
19325,0.03447623624815799
19326,0.004005160467484076
19327,0.017964893990987198
19328,0.005196861454948904
19329,0.5994400803651532
19330,0.7160250104484207
19331,0.5127963538620051
19332,0.04023219138827975
19333,0.12440766615497187
19334,0.016188117264503758
19335,0.019063410560644964
19336,0.027311670028589873
19337,0.019321954895566658
19338,0.018110323843294515
19339,0.11243443716428053
19340,0.013658866199316867
19341,0.4576500646547633
19342,0.20842834749082376
19343,0.06544704840618205
19344,0.07936244258777599
19345,0.005370834345799587
19346,0.01341657333057728
19347,0.005249499055600405
19348,0.017237435403357274
19349,0.0050294033375853815
19350,0.05840047738433923
19351,0.022858427143979086
19352,0.01573252716315082
19353,0.010837279528466026
19354,0.021506847032707273
19355,0.021454933245447675
19356,0.1768671558389693
19357,0.006362541391802348
19358,0.009749992797992385
19359,0.02885839850216942
19360,0.005870291816689181
19361,0.061553181725727386
19362,0.8848744840409634
19363,0.717607919843739
19364,0.9148778878858213
19365,0.09270636528734208
19366,0.0997748989227578
19367,0.021179599388458138
19368,0.01758976409831225
19369,0.003349234343307418
19370,0.021281280654868083
19371,0.004672412381577695
19372,0.10585102243753543
19373,0.014815452365564396
19374,0.20094505002494983
19375,0.06931236930177563
19376,0.042103184036039173
19377,0.005774423831471559
19378,0.015878985599700052
19379,0.0313892368850718
19380,0.9596258638723835
19381,0.017919538052969045
19382,0.0038740068826830483
19383,0.17891547085418147
19384,0.6226079269879452
19385,0.4883267103730673
19386,0.08236931141701659
19387,0.051665206556899594
19388,0.012481784597394187
19389,0.037942628828848184
19390,0.04773100362001709
19391,0.06898188672308611
19392,0.9558590794675139
19393,0.008559475263572654
19394,0.08049068681545091
19395,0.8675699661714673
19396,0.03607979599972539
19397,0.5347973311198939
19398,0.04590390894250755
19399,0.9440095873590643
19400,0.0223088045782574
19401,0.8156222431744686
19402,0.016681513136259783
19403,0.25031264123055985
19404,0.1629538653328846
19405,0.004946087762620797
19406,0.8372154420248898
19407,0.2559134595120795
19408,0.2675840250988985
19409,0.018224976690509594
19410,0.1906141849405919
19411,0.014785769537850803
19412,0.7172184743057555
19413,0.2284659407095176
19414,0.025048193117835384
19415,0.08824977107943552
19416,0.02541179528885988
19417,0.12276310412145092
19418,0.4325329373870365
19419,0.10936665682557133
19420,0.6299384269123768
19421,0.21160662704264
19422,0.027755599521732104
19423,0.0316217473605583
19424,0.825488043203616
19425,0.015665125188618578
19426,0.36027924803169425
19427,0.42705647712707273
19428,0.09134082381969467
19429,0.3244520329003064
19430,0.27360551274326356
19431,0.012197870220204167
19432,0.9444972982508587
19433,0.1617714759981566
19434,0.02000294980619298
19435,0.006616550637919683
19436,0.6047397528110878
19437,0.36358623868049933
19438,0.281543804972949
19439,0.8413295765276697
19440,0.7850860130202095
19441,0.010929852854766362
19442,0.015035421060812895
19443,0.004278572826689581
19444,0.6717435843029574
19445,0.06316240282324985
19446,0.007450316690230055
19447,0.07589540681561326
19448,0.8073507301857581
19449,0.009088032157580812
19450,0.885726264652319
19451,0.017589215823385754
19452,0.3236349850332589
19453,0.099775595818052
19454,0.05368535950290809
19455,0.14739825798346542
19456,0.9143744453587989
19457,0.25446139487481656
19458,0.02370785114954408
19459,0.966173843223119
19460,0.030278577062520063
19461,0.05492784576774969
19462,0.05311776229445948
19463,0.05627137983216689
19464,0.7089877299853649
19465,0.02039851065673512
19466,0.2772893470112733
19467,0.11754357261804874
19468,0.7544069186123188
19469,0.020107124961490638
19470,0.23789015876746292
19471,0.14120627173266556
19472,0.3170731587704622
19473,0.005988105147279586
19474,0.01978272990911486
19475,0.0767505110148916
19476,0.026538366541198392
19477,0.12631596108336773
19478,0.016951286680928105
19479,0.04828852879274372
19480,0.41457345339389107
19481,0.018964654702864348
19482,0.8430188976813591
19483,0.0705360912668686
19484,0.025350551951686492
19485,0.02573785894070108
19486,0.07587938968798738
19487,0.010411065876256953
19488,0.879414880019329
19489,0.004273726249906074
19490,0.005080189972184861
19491,0.10105098155629219
19492,0.11428684828921311
19493,0.5441381294165771
19494,0.12159581729758992
19495,0.8918433730919857
19496,0.8103479129971923
19497,0.09461207414051913
19498,0.06596116616835872
19499,0.011222590415095317
19500,0.022632652189331418
19501,0.062384923602846844
19502,0.7495862417129375
19503,0.7968845726930379
19504,0.7483215333219511
19505,0.07485401526303669
19506,0.05435484188302333
19507,0.4988556294273286
19508,0.058001665582683964
19509,0.08199820602523894
19510,0.034459558929911885
19511,0.024876979072575345
19512,0.0045264362197360766
19513,0.011024582147611713
19514,0.023888821806775287
19515,0.05437954179971329
19516,0.04250711334789896
19517,0.01587558461665473
19518,0.016052968947142074
19519,0.02102756737755922
19520,0.023967685959043597
19521,0.010675604729350044
19522,0.015833695280584696
19523,0.017377373235180564
19524,0.005499521163543511
19525,0.006242358056481343
19526,0.9651759368681665
19527,0.44518261448349783
19528,0.07138815896503231
19529,0.37762624134243444
19530,0.7905235687528662
19531,0.01712467928994061
19532,0.9504126536422808
19533,0.8890385969013195
19534,0.09751969818556792
19535,0.004273784616748485
19536,0.2649158890468011
19537,0.039892326387382646
19538,0.02033551653980546
19539,0.010615660741899785
19540,0.07773662796427011
19541,0.02655320981299591
19542,0.23793225018533384
19543,0.28410256781217424
19544,0.11498056535940632
19545,0.050956910234379364
19546,0.4271868269641084
19547,0.05890750259163541
19548,0.011310648516339374
19549,0.004699889614199255
19550,0.8775999426156303
19551,0.7640736813126516
19552,0.13015348523683673
19553,0.010754923652063562
19554,0.45275183821404924
19555,0.18033338149599357
19556,0.010264054106799264
19557,0.9261704466365005
19558,0.04117655063795171
19559,0.11414903919229934
19560,0.057848953811284784
19561,0.8472931293596184
19562,0.3629345208834336
19563,0.005649277406946632
19564,0.35608422188797634
19565,0.2672982239559397
19566,0.028428482534043117
19567,0.011213164474485927
19568,0.14313600329373172
19569,0.007203205379107241
19570,0.2578486246365637
19571,0.5858303027936439
19572,0.01017904640423188
19573,0.7511304596569377
19574,0.09032074774611712
19575,0.17896268886949046
19576,0.8178675486987431
19577,0.01824211057532491
19578,0.015975545889625256
19579,0.4207079095882056
19580,0.5862565648701371
19581,0.021416143900727342
19582,0.019977168550453873
19583,0.019934985838425078
19584,0.049057853950630496
19585,0.009274321971961442
19586,0.003748699391075448
19587,0.05694540789106884
19588,0.17982271919299633
19589,0.0927484240241027
19590,0.1359087167872865
19591,0.17878431110484028
19592,0.2716537758627927
19593,0.008446192814439275
19594,0.20797702358372974
19595,0.18730428054036888
19596,0.0068352884222954635
19597,0.1163207730981439
19598,0.43739662363792675
19599,0.014950585653882947
19600,0.5678499432182238
19601,0.7820929531730709
19602,0.26126928082899953
19603,0.011228001818573941
19604,0.6924593957051062
19605,0.00448001156873987
19606,0.00476879548854568
19607,0.09517672686546734
19608,0.0788899730915192
19609,0.021128880424857464
19610,0.9285637095752819
19611,0.6044453892568419
19612,0.05966145430396141
19613,0.08797413129319784
19614,0.0124601236476084
19615,0.021585420021533356
19616,0.5427891580675992
19617,0.9700355777675784
19618,0.0630953473152626
19619,0.14053154865224296
19620,0.0056577730491581355
19621,0.06847043118064032
19622,0.1950312836768875
19623,0.02327498459195817
19624,0.011204625892580396
19625,0.9212891605097454
19626,0.029609639034248833
19627,0.005431572147524246
19628,0.4429396013149944
19629,0.24787690551763472
19630,0.15211501125788568
19631,0.7512202965519863
19632,0.5954897015888203
19633,0.03988423571977692
19634,0.2112645678701847
19635,0.039827143037212846
19636,0.10360530730692583
19637,0.037697957935441076
19638,0.4739539573088344
19639,0.15167156812896126
19640,0.04231799657488655
19641,0.10958452581520045
19642,0.008432395308177278
19643,0.005275121840764439
19644,0.03132445327211881
19645,0.7553501391992876
19646,0.26436083875630656
19647,0.018523321475681143
19648,0.7663472076525875
19649,0.022343875683473055
19650,0.027761266705624683
19651,0.005213675748475934
19652,0.0960071291726703
19653,0.1390321131595317
19654,0.8371075829359114
19655,0.023696398028231994
19656,0.05029866494123126
19657,0.031874722022037505
19658,0.12049746438293804
19659,0.015799132519053308
19660,0.032956345495977375
19661,0.10291176026382345
19662,0.01705256785082607
19663,0.7167825910130168
19664,0.18543157952693645
19665,0.049314984362002934
19666,0.011391554609254093
19667,0.042481777250297996
19668,0.615234034371139
19669,0.026725077227847335
19670,0.04491202976724726
19671,0.00455414236455669
19672,0.015623795926439612
19673,0.04629052522868975
19674,0.735853212487073
19675,0.035146490995138974
19676,0.01694725333207684
19677,0.03903537842051353
19678,0.08888456203960096
19679,0.9224099227006668
19680,0.02280032822578599
19681,0.017660976689836884
19682,0.024429551254102958
19683,0.09220869955220894
19684,0.16570363033917573
19685,0.06026876609869059
19686,0.10773406315641745
19687,0.06819980099431815
19688,0.028798296961078714
19689,0.04823163422431806
19690,0.1159326923937673
19691,0.1402852069113537
19692,0.13040179433033283
19693,0.7917469914210808
19694,0.022049504096318208
19695,0.01670184374677629
19696,0.033613080764990366
19697,0.18060987555042274
19698,0.016768116658185256
19699,0.027557614854882898
19700,0.9187873788252778
19701,0.043339487653241
19702,0.004824314632461072
19703,0.7145175631090506
19704,0.038347226537034464
19705,0.07009662088338996
19706,0.625942495086775
19707,0.7653540492778143
19708,0.014543446387344987
19709,0.0043052074192155695
19710,0.01212299056239591
19711,0.014413634030099525
19712,0.42067166166647746
19713,0.07949717357472154
19714,0.004771709079752284
19715,0.5750416626965786
19716,0.1318092722931168
19717,0.01935024715979862
19718,0.09357251185618164
19719,0.3339097677398797
19720,0.014812991693619802
19721,0.14944203679739376
19722,0.28148150639930125
19723,0.024080874536140908
19724,0.05760176581368505
19725,0.45847782735101716
19726,0.04506939113949395
19727,0.03909341824051088
19728,0.0539194614025907
19729,0.02951416954014744
19730,0.009165997890207372
19731,0.6734465457314807
19732,0.005449181937566509
19733,0.20519740207057904
19734,0.08027359417383714
19735,0.003522302637318284
19736,0.9336812212101886
19737,0.9814197055721346
19738,0.039246705553095444
19739,0.016030684198452202
19740,0.34771186713439356
19741,0.24469894634866346
19742,0.021086762896398156
19743,0.15847859077868512
19744,0.14033758652416795
19745,0.004475183755885456
19746,0.42337549855481416
19747,0.009654991810742232
19748,0.8886864014436321
19749,0.5639298029767974
19750,0.006751233314357789
19751,0.686700218204031
19752,0.021702497941445992
19753,0.014001785194610256
19754,0.25824383495650033
19755,0.013321318012519078
19756,0.9148720219076697
19757,0.02377879734052279
19758,0.018054608387737762
19759,0.015398947082156254
19760,0.00610737368574138
19761,0.030587548493966544
19762,0.01074117750161704
19763,0.7531328256133507
19764,0.16832720333303106
19765,0.04504788848737856
19766,0.10144409653812202
19767,0.005660192606297576
19768,0.35790982074722094
19769,0.5357356264754426
19770,0.02392874969616956
19771,0.1150883321070223
19772,0.033847322762825004
19773,0.6854173438936083
19774,0.011275481916176493
19775,0.07760443824212249
19776,0.05667355691511404
19777,0.011165701807783375
19778,0.20956111504417801
19779,0.07971325076265061
19780,0.005588819570206039
19781,0.9024119757692276
19782,0.005866927261084179
19783,0.7625252217584579
19784,0.024152447244107686
19785,0.07732486098106853
19786,0.032904285962559364
19787,0.0457637198676925
19788,0.3121593701609636
19789,0.074134296642793
19790,0.6066289520780085
19791,0.9651968212075359
19792,0.9465567082506793
19793,0.9410555579816854
19794,0.009300739191936197
19795,0.019993698613280424
19796,0.4714753678082308
19797,0.06873743758538303
19798,0.7081451513594997
19799,0.6560130118778575
19800,0.6631196588410745
19801,0.46185862831905355
19802,0.2762897858205279
19803,0.007604913760500087
19804,0.016186519917953657
19805,0.06106537199126599
19806,0.006482333927819226
19807,0.8671556146818081
19808,0.04712305136499826
19809,0.05246986834657283
19810,0.7850699162604993
19811,0.01895202914633394
19812,0.06348525762354926
19813,0.08088824345615216
19814,0.0045368745337239684
19815,0.763417357699246
19816,0.05404207262398071
19817,0.019691677074356456
19818,0.35088023614847946
19819,0.011657654052804773
19820,0.19858568314175534
19821,0.2749470014556662
19822,0.013740093971207006
19823,0.196301985555118
19824,0.3845480694976952
19825,0.014931228953892685
19826,0.1373593851032662
19827,0.45651676934930285
19828,0.016248191011709847
19829,0.8867439009875585
19830,0.01102057952920359
19831,0.6945036261432059
19832,0.09477213647516415
19833,0.0179088865753245
19834,0.8929675089407975
19835,0.4328423893280607
19836,0.01605319502412417
19837,0.02639998086944388
19838,0.013685833249249721
19839,0.1353548423407191
19840,0.07761738195514269
19841,0.6904637972505424
19842,0.33477716905169436
19843,0.005665546405668692
19844,0.018681300736301355
19845,0.05845953417028435
19846,0.2573355392728013
19847,0.005023458349635146
19848,0.010326438426667013
19849,0.00540296910221108
19850,0.27252339759621247
19851,0.009253521889289008
19852,0.006163454826608596
19853,0.0054193250933147145
19854,0.013285871332933128
19855,0.02408581713517271
19856,0.08233805535488369
19857,0.04550813776816282
19858,0.013774303346216798
19859,0.8555654213035149
19860,0.0215405389916263
19861,0.005083421903988894
19862,0.37687951462755614
19863,0.5319489297294472
19864,0.13228581087920943
19865,0.7577827894501661
19866,0.24474206581638414
19867,0.34264959571653575
19868,0.01525164024634987
19869,0.02052556174752973
19870,0.06826195315734213
19871,0.03167346401122341
19872,0.08043998340428374
19873,0.020056360137550508
19874,0.015034953761310272
19875,0.006460277070730558
19876,0.005392980520294951
19877,0.05972633020317221
19878,0.015952171255663828
19879,0.022337186400865506
19880,0.05718838584245438
19881,0.02928081385659823
19882,0.007075065318727939
19883,0.163570221406526
19884,0.014073352844821384
19885,0.3013403495518979
19886,0.014446487419049471
19887,0.20378505187491436
19888,0.04302679453459835
19889,0.026762902530111328
19890,0.014756850495104888
19891,0.20438678736414861
19892,0.19927031890744157
19893,0.37695217355334765
19894,0.8573022389473741
19895,0.04674938651200586
19896,0.9212398682462499
19897,0.07742870084811077
19898,0.1896324032795904
19899,0.34870040321847706
19900,0.02462791267928364
19901,0.17994929402661053
19902,0.02408856923754849
19903,0.7821533712910216
19904,0.015275479147017258
19905,0.010430916016092499
19906,0.057603078718854776
19907,0.7645203625088607
19908,0.5349762678954265
19909,0.3169345870356356
19910,0.35070764303415863
19911,0.34703417341491777
19912,0.04856813164160431
19913,0.01435473893413034
19914,0.00447263734767695
19915,0.04663097855246714
19916,0.20274164187308788
19917,0.034250549186273356
19918,0.14085905193729178
19919,0.7240282456456765
19920,0.015588326006533613
19921,0.01028446895310287
19922,0.09775838448307032
19923,0.07886596176212801
19924,0.01205362260692633
19925,0.5246834808235886
19926,0.008060575918397001
19927,0.6796211144576728
19928,0.005210111594488824
19929,0.023522386934020364
19930,0.7943608346817912
19931,0.015455222468686193
19932,0.004102176292706637
19933,0.010089883901595542
19934,0.30759653148453053
19935,0.01348977894468759
19936,0.015393858242140393
19937,0.4522386119220989
19938,0.02132209679552571
19939,0.011193041027803883
19940,0.16739433926647376
19941,0.031514230637147415
19942,0.014339823331694073
19943,0.017978357704602134
19944,0.04399030243777597
19945,0.0047864745915417225
19946,0.04231343334949114
19947,0.5372956839153288
19948,0.1960370584260173
19949,0.017381165374733228
19950,0.2274744170629138
19951,0.017481313708600087
19952,0.5880083366643912
19953,0.9535805228351555
19954,0.2927603897139732
19955,0.02268585069532507
19956,0.04244966953923915
19957,0.013605063410094674
19958,0.20740612483779988
19959,0.011717498254871315
19960,0.7803593009873682
19961,0.006421348184785156
19962,0.13447777723837243
19963,0.053417749983648656
19964,0.00968715801993399
19965,0.08695855425125133
19966,0.019107774000533442
19967,0.030556747220827293
19968,0.00620461683891137
19969,0.07078757738637327
19970,0.16111025020229802
19971,0.08457830903627864
19972,0.6868306082387903
19973,0.013468032924999547
19974,0.04651736103145621
19975,0.034362450307883624
19976,0.8428389595268115
19977,0.6357212101186491
19978,0.0135971944207767
19979,0.03299015792489329
19980,0.01374552562798766
19981,0.014604306637615794
19982,0.07626144394800587
19983,0.22926541914282414
19984,0.16081271292615315
19985,0.011744652980751634
19986,0.15034878122286346
19987,0.007659243437181857
19988,0.011780668394176186
19989,0.01772603578218351
19990,0.004518689036920427
19991,0.10280517056109029
19992,0.01921895798933337
19993,0.24937960095089462
19994,0.08473471125867266
19995,0.040600961047527126
19996,0.018419462484396194
19997,0.05230877133071275
19998,0.4556726021507732
19999,0.7700164751138636
20000,0.06862938772142091
20001,0.035949141102766806
20002,0.11849101728809326
20003,0.03475461382298017
20004,0.017845890584651438
20005,0.026222036261903378
20006,0.022896063267027044
20007,0.2976702208121975
20008,0.04799503485095556
20009,0.029972708193227674
20010,0.09265002181784647
20011,0.5858472310833325
20012,0.10715078443593211
20013,0.004981811432650907
20014,0.6352211178180349
20015,0.05101603925061417
20016,0.03163999087209286
20017,0.09650983793801997
20018,0.01410717295489804
20019,0.01279091694776219
20020,0.2459367856608282
20021,0.013512288959640234
20022,0.05724360485219563
20023,0.26314280550823715
20024,0.10238423540808983
20025,0.03318681258461534
20026,0.09142124055770352
20027,0.9723474342643474
20028,0.06032100829667891
20029,0.01969743468893314
20030,0.011741894112043474
20031,0.03703335723277017
20032,0.060808421147201086
20033,0.030952024949771683
20034,0.009291776666161669
20035,0.04616243206035592
20036,0.004640528071154195
20037,0.026417791422431124
20038,0.014397473888696445
20039,0.11736958839232732
20040,0.007742512492703072
20041,0.0961493946724885
20042,0.2834235394619849
20043,0.20895495634109568
20044,0.9198664087509996
20045,0.2328220995750052
20046,0.02226664739299057
20047,0.0733254143130361
20048,0.006741382564634207
20049,0.005943870086548658
20050,0.8598128468317836
20051,0.06418815212795619
20052,0.5832834071161651
20053,0.32978972083065544
20054,0.9062943700093355
20055,0.285680712762107
20056,0.5549150544949846
20057,0.8321909525274752
20058,0.04456651260947022
20059,0.23998578544806778
20060,0.0445578324298815
20061,0.03060685157116318
20062,0.06552876784908032
20063,0.10147937556543947
20064,0.08927264399580867
20065,0.018606996423022045
20066,0.008906762359591988
20067,0.018569792860758376
20068,0.554633693071153
20069,0.8918815350116424
20070,0.20686420802955816
20071,0.004498807423806244
20072,0.11581029554834413
20073,0.026151981438194236
20074,0.010681519603208355
20075,0.2153709300504971
20076,0.7751921444046509
20077,0.01498372828482918
20078,0.09075664210158685
20079,0.05980196136044092
20080,0.10930580931807693
20081,0.01574131694424277
20082,0.38121212016951667
20083,0.11978640465739607
20084,0.022210752400528055
20085,0.02140109232490918
20086,0.04227908746268759
20087,0.08345757119872892
20088,0.6894827753402487
20089,0.2579889671436708
20090,0.1278096076920899
20091,0.7052468343158818
20092,0.04087560200849915
20093,0.014183219895303457
20094,0.061829711791866915
20095,0.5154716989953733
20096,0.02346760647515073
20097,0.0162723668530681
20098,0.1851619934148073
20099,0.3796317470135928
20100,0.01051673941522705
20101,0.01581587263552735
20102,0.14644467415026816
20103,0.5332300703978509
20104,0.022244915300633675
20105,0.04766297170135522
20106,0.004579368579082031
20107,0.10196671244202538
20108,0.029416939328223538
20109,0.0036089760635153395
20110,0.013477360652784081
20111,0.1227869812961972
20112,0.0061194368770742195
20113,0.04387765125582046
20114,0.061413582424108555
20115,0.903259717299816
20116,0.6189124372994632
20117,0.31573253382439487
20118,0.02522008460334827
20119,0.030772627885618974
20120,0.06872753727227042
20121,0.9741767184033067
20122,0.010524035178325229
20123,0.6807562838926445
20124,0.07789226251891243
20125,0.9461323900988253
20126,0.07454740989527323
20127,0.026127159584799227
20128,0.10253089014631596
20129,0.05245356254832096
20130,0.050447286731297024
20131,0.30706569018728763
20132,0.007880386670908913
20133,0.0059236369127195175
20134,0.011104191906446965
20135,0.1959110133562146
20136,0.6523934532759589
20137,0.07982083096077527
20138,0.7820991046219522
20139,0.10823026072064866
20140,0.6991793572986493
20141,0.7563124107310247
20142,0.06693641930895686
20143,0.011155533241857243
20144,0.03709192148215687
20145,0.19664687887620602
20146,0.01063436719265869
20147,0.17057159020425974
20148,0.07848436983898893
20149,0.016680368193149726
20150,0.1857680942331974
20151,0.6164973712027527
20152,0.7982268008968991
20153,0.9558918307624351
20154,0.7686612294933722
20155,0.12577707769955265
20156,0.8027328416171485
20157,0.020142437432681994
20158,0.06369066008324327
20159,0.20610610155824027
20160,0.966938064833514
20161,0.3211409547057266
20162,0.025272404260505473
20163,0.00561809714385059
20164,0.2427568327495357
20165,0.3137824731617933
20166,0.019852044156227256
20167,0.12578929213844797
20168,0.8577721617930412
20169,0.01176251541157409
20170,0.004398535481785086
20171,0.33238711233205287
20172,0.08858202020103349
20173,0.14656252834237096
20174,0.015272926074099078
20175,0.5366080453760762
20176,0.010594949477204539
20177,0.05514370669939513
20178,0.024906429958150015
20179,0.005796505096155945
20180,0.04674037437094828
20181,0.029451245847166536
20182,0.9394813382257494
20183,0.00683730147266284
20184,0.019611526955835915
20185,0.021216785724403484
20186,0.949481957509765
20187,0.03243197587370457
20188,0.8459538202414462
20189,0.015674276136708208
20190,0.022347466469639272
20191,0.761103443587005
20192,0.9767653615053231
20193,0.8393934606877526
20194,0.2986478040029306
20195,0.47668084413917083
20196,0.45489918172540833
20197,0.00907839419119406
20198,0.02605015361123009
20199,0.043158079562451136
20200,0.02989053345365203
20201,0.01855547226876463
20202,0.019984747344094927
20203,0.6200816654769304
20204,0.1090093691512173
20205,0.01813641567148312
20206,0.00414043524972241
20207,0.014300831349881183
20208,0.6553752568627167
20209,0.9324721312803317
20210,0.01974335489992341
20211,0.025106132269493552
20212,0.012799940814856012
20213,0.031799745623992556
20214,0.012231025345051575
20215,0.0057500117287443454
20216,0.028794868237484814
20217,0.5217066502478718
20218,0.015098744816346509
20219,0.5157445397242981
20220,0.015140532618194334
20221,0.01677573980992117
20222,0.023126415694529855
20223,0.0272474062400834
20224,0.020606663085008844
20225,0.028114606996249236
20226,0.04242438741029538
20227,0.028407543447680986
20228,0.21914737437056014
20229,0.020999762032450745
20230,0.15841323654574724
20231,0.02926133429965837
20232,0.1637147281173977
20233,0.4540967096327952
20234,0.01781238531790447
20235,0.0051647243761254605
20236,0.01368569090443085
20237,0.0056214047467986064
20238,0.032246435160998545
20239,0.8477027107491534
20240,0.00465178429081162
20241,0.02428815576377429
20242,0.4319336371751937
20243,0.13951507966334853
20244,0.09777643517305913
20245,0.06598592489272093
20246,0.8816412724880128
20247,0.932295779955631
20248,0.635927902330581
20249,0.17640884903999332
20250,0.02011744885330055
20251,0.3303758042940362
20252,0.049668691033471116
20253,0.040043137382819435
20254,0.2955693214677147
20255,0.02765397382289777
20256,0.041866286405685994
20257,0.7219740840365516
20258,0.20115295054309842
20259,0.01627283443640855
20260,0.021816034551296257
20261,0.037944474687845564
20262,0.06980572113746543
20263,0.005055120384710855
20264,0.012455259176973875
20265,0.18187631923176434
20266,0.25421571871213766
20267,0.01919355626508391
20268,0.8076631017922732
20269,0.4153803509003107
20270,0.011055924368133437
20271,0.018659444431165708
20272,0.005889828757321052
20273,0.0038949946487612224
20274,0.49577740162446254
20275,0.25211236857223884
20276,0.7620340081565479
20277,0.16544170088991725
20278,0.17851551843333485
20279,0.12742316306123316
20280,0.06489969972759496
20281,0.004959824193234674
20282,0.024925652859546617
20283,0.03054834049005154
20284,0.952838748160608
20285,0.027339531049650794
20286,0.08297223391200127
20287,0.048344274517547726
20288,0.13232890410129872
20289,0.00455312630102097
20290,0.009691667011361493
20291,0.004322319826641342
20292,0.0635589319609664
20293,0.018944154995976247
20294,0.10980291649247294
20295,0.009286280932018904
20296,0.013546157498444046
20297,0.014647762453698941
20298,0.9147076767361022
20299,0.06996892599466316
20300,0.01004534108168555
20301,0.09258034714476673
20302,0.004641766850389754
20303,0.40374908312586333
20304,0.11591131141041298
20305,0.3738068032305527
20306,0.11230999322351753
20307,0.13430671520999385
20308,0.844282961384161
20309,0.034547901898092634
20310,0.5435774407693313
20311,0.01887700006350565
20312,0.03067949376153323
20313,0.004727776798453374
20314,0.851077127950845
20315,0.17722741984378998
20316,0.1636097902928729
20317,0.005720228181684956
20318,0.25063127912233685
20319,0.21080937062936567
20320,0.15683177722426106
20321,0.2599893091268404
20322,0.018522384581691437
20323,0.006375141862415482
20324,0.03414567946079257
20325,0.7568594633426534
20326,0.3093203397667053
20327,0.020344124361166237
20328,0.6821660050013355
20329,0.02419031365730479
20330,0.017218714874007442
20331,0.03202769959357807
20332,0.0199589950025105
20333,0.0483337056237663
20334,0.1684213161103866
20335,0.18898950707306678
20336,0.31324140653369625
20337,0.02202938526884053
20338,0.07605762154220738
20339,0.07659156034540772
20340,0.9366837431355095
20341,0.04237413856386346
20342,0.07232224789233734
20343,0.17128597772320678
20344,0.934412148808868
20345,0.9691526086577882
20346,0.02382600077316726
20347,0.048201241227645325
20348,0.1950063474652672
20349,0.941634943380437
20350,0.016081447474918367
20351,0.09880785778876293
20352,0.7053746779028981
20353,0.6424321899156699
20354,0.004920084552584346
20355,0.058904485013445
20356,0.025573299051530173
20357,0.8475479042005096
20358,0.583460546475539
20359,0.46539752566354053
20360,0.23008044928948712
20361,0.11823548826401054
20362,0.08212288067382074
20363,0.015246704842659173
20364,0.7666974732420067
20365,0.31899287484998134
20366,0.10126274104034577
20367,0.006919820350537195
20368,0.015773039408410273
20369,0.4404836116110402
20370,0.0054757617697660434
20371,0.07869973307825157
20372,0.044726059333540215
20373,0.005233327029326478
20374,0.005197466995340725
20375,0.7068180531766949
20376,0.088156643473411
20377,0.026117931819197415
20378,0.019898381647569022
20379,0.018384231796104687
20380,0.2537873190619109
20381,0.011706991066868067
20382,0.45216941767168417
20383,0.08060762438818526
20384,0.22591507161658886
20385,0.006818151268252983
20386,0.006104381283856935
20387,0.14710988830463959
20388,0.18418735399466976
20389,0.06238679091613362
20390,0.030974071890993566
20391,0.01466194701206148
20392,0.02035492684334829
20393,0.3992092791143723
20394,0.013025948226197405
20395,0.010835130638940845
20396,0.46810769664420065
20397,0.026469021361088765
20398,0.4308885965680176
20399,0.005741859854206204
20400,0.05659933870793366
20401,0.006741396782749947
20402,0.9557510942205363
20403,0.006961828101148562
20404,0.012377276685357708
20405,0.005769964995110621
20406,0.35516870814162255
20407,0.18341736068665088
20408,0.04819025775856192
20409,0.02947692148718074
20410,0.24108504238879058
20411,0.26064364966988807
20412,0.11042701490853385
20413,0.16512407898076376
20414,0.010166575942538678
20415,0.009517927191267737
20416,0.00686048347953193
20417,0.6833132784656292
20418,0.004053131989457507
20419,0.02634607874135825
20420,0.37160658457919027
20421,0.6471625056655064
20422,0.04014243599777653
20423,0.15968447806558364
20424,0.02417183818358
20425,0.1627601213886191
20426,0.02976617611371891
20427,0.9554016577709439
20428,0.03881344178604029
20429,0.02565925606239697
20430,0.023660478994699648
20431,0.042081995576293524
20432,0.020728328886354726
20433,0.011541726364085016
20434,0.024387463232015027
20435,0.0509928372703865
20436,0.062070087874145426
20437,0.04968875211444084
20438,0.005304640385768366
20439,0.012369239857892482
20440,0.00446324587590755
20441,0.009902378599892965
20442,0.29454792493846177
20443,0.01941716651315477
20444,0.7405241676114054
20445,0.03966995727134304
20446,0.14533838171394484
20447,0.11864847935712002
20448,0.06987811868337944
20449,0.17974153742524707
20450,0.02009637916916886
20451,0.849763684092991
20452,0.008777719440225816
20453,0.9071568996882856
20454,0.044601832774534694
20455,0.004988197076315789
20456,0.7240993394979395
20457,0.12131618062938773
20458,0.023787556041746535
20459,0.07108962399457208
20460,0.6281449305830756
20461,0.16991306440276133
20462,0.17106544519643577
20463,0.03142144716024278
20464,0.048236106847225145
20465,0.044619168955658546
20466,0.13671138332568877
20467,0.020266380161156672
20468,0.02264575331665386
20469,0.009794868147536615
20470,0.006923155852072511
20471,0.01709174004633046
20472,0.5890752729921687
20473,0.026399537393418902
20474,0.016488747356540785
20475,0.309140485218893
20476,0.1153442354272529
20477,0.07800765717049418
20478,0.022513324373978585
20479,0.1535198361752483
20480,0.14936448477992037
20481,0.0829333106773075
20482,0.565725446551711
20483,0.1560481214914909
20484,0.009790462751322417
20485,0.3451312355361413
20486,0.046718956044288336
20487,0.12795039913661047
20488,0.008650698871116339
20489,0.46438426768505303
20490,0.047955062463993246
20491,0.025979444034305747
20492,0.13309277388380816
20493,0.003926325329887394
20494,0.07063890819232374
20495,0.010942861347731304
20496,0.01469642610757297
20497,0.01697850780242254
20498,0.07359345913586618
20499,0.2964282061181878
20500,0.02460702038825002
20501,0.024201068151422596
20502,0.004314210098544401
20503,0.12156079109118281
20504,0.026412410873372424
20505,0.004188988752429807
20506,0.02363907199001136
20507,0.6922841553803128
20508,0.1299973791662684
20509,0.014865188293782493
20510,0.019601343753761834
20511,0.005288560990466043
20512,0.046575721633336634
20513,0.020559174782134034
20514,0.6098238763573778
20515,0.028994864137002047
20516,0.07577610812466729
20517,0.03175027059719552
20518,0.025210153719929188
20519,0.3698601321366805
20520,0.027424280298534644
20521,0.5738369340143421
20522,0.6801725902603679
20523,0.27671630491580745
20524,0.04599885878823752
20525,0.013912036860961138
20526,0.060145848296151605
20527,0.012639622982330899
20528,0.02200802529619545
20529,0.04462164450345349
20530,0.9200746507551874
20531,0.08139001533156807
20532,0.01770752828932667
20533,0.005668050533627321
20534,0.007892606573940739
20535,0.015185077189047397
20536,0.8794438798601429
20537,0.02978131647475522
20538,0.020737987107401115
20539,0.04898924958144359
20540,0.3871053782275324
20541,0.07083337957666823
20542,0.8076491529487307
20543,0.38959844253484577
20544,0.011593799726563426
20545,0.022355426758899958
20546,0.03723085844251849
20547,0.3451897812989074
20548,0.944488348305272
20549,0.11461574708915626
20550,0.09918873003829518
20551,0.8763374963877597
20552,0.41502562881933225
20553,0.09075798662094162
20554,0.03450611331555657
20555,0.0279315934539436
20556,0.07075613786345983
20557,0.005239786773879686
20558,0.009704261096355839
20559,0.09133669016715622
20560,0.04626314449843418
20561,0.3583785613067931
20562,0.0064938372955195426
20563,0.00903935183678932
20564,0.05137374902967513
20565,0.005172711176614143
20566,0.0034111417140902196
20567,0.6299120767320147
20568,0.17676508982882624
20569,0.028105152983409827
20570,0.8445353543823261
20571,0.12397688323179384
20572,0.12742754143370366
20573,0.087201738143882
20574,0.2955241883501802
20575,0.7116110656111465
20576,0.018646687757637507
20577,0.15469249631631712
20578,0.25703684477732347
20579,0.14073241334974085
20580,0.32619020870304655
20581,0.8644754036876308
20582,0.15145359585344906
20583,0.9337263167351709
20584,0.01019588177107026
20585,0.08239701248185356
20586,0.029194715837542167
20587,0.6429909089725458
20588,0.07533889501084402
20589,0.05584209432945689
20590,0.032100567927914166
20591,0.5115036597413873
20592,0.03892756004430906
20593,0.007024473819523091
20594,0.006455924125810464
20595,0.22813802689912122
20596,0.39309676581116854
20597,0.20505638226152292
20598,0.004335265909577898
20599,0.20665149305553
20600,0.06932777014742224
20601,0.01068657802608845
20602,0.12299357763645558
20603,0.01829510880599575
20604,0.01063259075418666
20605,0.039173871712309155
20606,0.03482320926672141
20607,0.35568261511292465
20608,0.3859550584961173
20609,0.6260438538529188
20610,0.9701970938804907
20611,0.034581187423053654
20612,0.009906415711049207
20613,0.018023334480305797
20614,0.43497935536677773
20615,0.7790137017998046
20616,0.0042687493561227915
20617,0.011705640672349986
20618,0.030756187458979522
20619,0.06733692467903082
20620,0.4718828814743016
20621,0.7076656677019622
20622,0.010717138934249845
20623,0.5846878401585669
20624,0.1271557756994092
20625,0.08401483853425006
20626,0.058382751334728755
20627,0.7755360227383897
20628,0.10284299302703756
20629,0.1851160246453211
20630,0.18900129136712127
20631,0.006399880889949147
20632,0.011608680816552334
20633,0.6272330191913889
20634,0.009652236111735515
20635,0.10513882057357757
20636,0.30046904226542315
20637,0.01456490721013344
20638,0.04209330291086233
20639,0.3790047580655643
20640,0.03529159068087786
20641,0.009383310659907617
20642,0.11870249638223944
20643,0.020308414809239603
20644,0.6943095306674759
20645,0.06644116689352624
20646,0.33452197038432147
20647,0.0606008124058381
20648,0.18095179725524893
20649,0.029236389426035056
20650,0.64693447901808
20651,0.025670996173259932
20652,0.00384477609119168
20653,0.05835750823287479
20654,0.8198522175987503
20655,0.37556575875665926
20656,0.8035588815469739
20657,0.02228839685812982
20658,0.6683090797679944
20659,0.0039628851603236
20660,0.033534742789116966
20661,0.1100939162750199
20662,0.14611096952923178
20663,0.10221588091130479
20664,0.3299049505476894
20665,0.9362544417577792
20666,0.06971557521269874
20667,0.8017704559230522
20668,0.861032315397678
20669,0.005027633153546204
20670,0.024720603485350642
20671,0.15301407569499095
20672,0.14507250774530503
20673,0.09767123928841884
20674,0.06199942906412599
20675,0.14785058120507058
20676,0.2676371168016292
20677,0.11752378787220664
20678,0.14453505547841888
20679,0.1809438133917406
20680,0.12924821685355758
20681,0.013644361147865885
20682,0.037180482464939345
20683,0.8301182868780618
20684,0.00852801383872771
20685,0.09270953206936737
20686,0.005448517019674878
20687,0.7201917526282083
20688,0.021174720495722107
20689,0.7391337524353545
20690,0.009081358095443182
20691,0.12398660132059323
20692,0.03538454757285245
20693,0.5853325283958905
20694,0.1330614702638967
20695,0.15897177922695868
20696,0.024993003112623674
20697,0.7534839217189311
20698,0.026142078611733264
20699,0.13509186391446248
20700,0.01658640940713683
20701,0.009725205257958652
20702,0.06902778239657753
20703,0.38365514455665567
20704,0.018798293671044387
20705,0.019277567896910507
20706,0.016748711038115947
20707,0.2983909179084553
20708,0.1826388783610226
20709,0.20207637658447172
20710,0.014235839093108764
20711,0.22804641325738687
20712,0.006477158987439628
20713,0.05582101533083844
20714,0.09777690484743332
20715,0.029236575941210693
20716,0.015496006162822882
20717,0.017097283966227908
20718,0.2299050117317333
20719,0.6965461934865952
20720,0.024243015446072692
20721,0.005194373055075545
20722,0.1640190478910718
20723,0.05368993986060172
20724,0.07083603345493183
20725,0.005221039250814536
20726,0.2672366298943303
20727,0.8547305628372662
20728,0.6044065637212905
20729,0.3748341947537871
20730,0.016779842983340877
20731,0.5689350430852702
20732,0.06003963595085577
20733,0.027604816637064267
20734,0.08040995013878657
20735,0.2343808353334504
20736,0.36991813549267755
20737,0.018616362334374737
20738,0.7695772950296711
20739,0.012257086274220447
20740,0.008568118581651726
20741,0.013912524743321992
20742,0.05357976042857187
20743,0.005831354644742999
20744,0.008063152973034386
20745,0.03126121975756253
20746,0.00829719729942441
20747,0.010096999452515108
20748,0.9790678451955257
20749,0.014829991185395417
20750,0.028240498753810562
20751,0.1364668082594252
20752,0.10736625072029347
20753,0.0563119143531329
20754,0.3065110883822626
20755,0.3198877565531471
20756,0.9398876798323904
20757,0.7733923235487927
20758,0.038142000165964765
20759,0.7389192391110652
20760,0.7184130260045002
20761,0.03265707790817992
20762,0.06491459301863366
20763,0.4657010563215416
20764,0.13937508568804433
20765,0.811487265656525
20766,0.22768565104119648
20767,0.029375249801071847
20768,0.024651631204968747
20769,0.005128630202791303
20770,0.04880025321278584
20771,0.22422334431742197
20772,0.045869981388289814
20773,0.5216568995376885
20774,0.015422367816509401
20775,0.05791777279856443
20776,0.7211954732076334
20777,0.019052936370279595
20778,0.48022159447318374
20779,0.006896519417654507
20780,0.13805005625914707
20781,0.024265686049041828
20782,0.08257744860452453
20783,0.012497783501463937
20784,0.7941431748880825
20785,0.046571035622565836
20786,0.23022360819865673
20787,0.010335218457661537
20788,0.03902242036544905
20789,0.02265665450300772
20790,0.05724081338535217
20791,0.33046624862091944
20792,0.352452030215583
20793,0.5317835156914796
20794,0.03485038937825304
20795,0.3037403881037008
20796,0.7707514675212246
20797,0.01548945513408586
20798,0.7478824204639468
20799,0.553132582219707
20800,0.009075343442977305
20801,0.11046275285920232
20802,0.02766716699089221
20803,0.018559886776373546
20804,0.049828216599234
20805,0.004853088997693131
20806,0.5575315447180754
20807,0.004676973663589448
20808,0.029388683225294893
20809,0.04295904427192453
20810,0.23951247213561122
20811,0.010681879984786138
20812,0.029081935654206182
20813,0.017927136246522295
20814,0.1086714638723189
20815,0.12133335468012146
20816,0.011877268527106646
20817,0.009967425917858683
20818,0.7312510030019517
20819,0.1865583352932021
20820,0.014351526013342063
20821,0.006263439527603894
20822,0.005030414809881634
20823,0.07795730163435514
20824,0.9454405869165368
20825,0.6218748743146333
20826,0.044856382466467656
20827,0.02700901397032869
20828,0.01709998769500867
20829,0.828600893470024
20830,0.15952154072833918
20831,0.029250676642591268
20832,0.0157816953332736
20833,0.010954042249269245
20834,0.920148291390885
20835,0.004675003258226236
20836,0.1756313115266517
20837,0.02062503606246393
20838,0.035002610169148275
20839,0.2611253336297109
20840,0.53980697664953
20841,0.007437605714375842
20842,0.017098541778400252
20843,0.23511003498802427
20844,0.01067473788880028
20845,0.004732561227107009
20846,0.009013917279929787
20847,0.8042985259840559
20848,0.2976353043517469
20849,0.7956489428884533
20850,0.6010640878344056
20851,0.04089978403181531
20852,0.2561511859829237
20853,0.04627380124663688
20854,0.07486249077027626
20855,0.8518750266911423
20856,0.11310469516629791
20857,0.04626763217333202
20858,0.2012800320333334
20859,0.11082136396390302
20860,0.015395763714765294
20861,0.8031338536528395
20862,0.004017828725986576
20863,0.016194941891316837
20864,0.03770836356054421
20865,0.17078468455539253
20866,0.7271426976108512
20867,0.8892216352325856
20868,0.13268438434922136
20869,0.02899853475717575
20870,0.1856404873255511
20871,0.061361129655497226
20872,0.13231057976473984
20873,0.11082707717069674
20874,0.28234191089565125
20875,0.07549386015568954
20876,0.009304537944022166
20877,0.016827020324839743
20878,0.040934078773273236
20879,0.03217455762664676
20880,0.4098178923655069
20881,0.019258491787683615
20882,0.03247981377395735
20883,0.23874216752262867
20884,0.01585247682816284
20885,0.2824147569483083
20886,0.046862861609224045
20887,0.006261107164081542
20888,0.020658643421720097
20889,0.02829690731021384
20890,0.11683047678153251
20891,0.014007979379515976
20892,0.017586770197238377
20893,0.049224162169558994
20894,0.11542351082391182
20895,0.018932271490071224
20896,0.014588407976583471
20897,0.8403769962241242
20898,0.40798630879431497
20899,0.3962436020067308
20900,0.006070647841490501
20901,0.0035635204494307822
20902,0.6015469135155561
20903,0.17772361326788366
20904,0.1376526166306501
20905,0.1468498926214971
20906,0.39927359102010035
20907,0.021231893471677935
20908,0.9048416610878439
20909,0.04990547015457238
20910,0.005229517669349283
20911,0.014934750533170569
20912,0.02599536438394131
20913,0.03730195484059588
20914,0.5065994378276607
20915,0.2684336671295033
20916,0.01314258324500183
20917,0.20611880097974067
20918,0.2792961847826758
20919,0.013986224752038234
20920,0.004644701101357404
20921,0.016554878445295046
20922,0.018444748008476675
20923,0.2209004618743576
20924,0.2204695193839364
20925,0.23167050983662626
20926,0.5895797819298898
20927,0.0038381642388398514
20928,0.037660593051777415
20929,0.02461166700004726
20930,0.3175948086851505
20931,0.029550487455631567
20932,0.1334592708270933
20933,0.010598133556738814
20934,0.19531859687687178
20935,0.259879397271065
20936,0.0051982737465302445
20937,0.8267413509025563
20938,0.03465798691160048
20939,0.02001552310178456
20940,0.015244120936654573
20941,0.020139416598208768
20942,0.24015984430753623
20943,0.02673504207809156
20944,0.8549552653961702
20945,0.19508481217676368
20946,0.09326815413133423
20947,0.08308453745904497
20948,0.006677649360839771
20949,0.028335225718664744
20950,0.28790254790617925
20951,0.060703371660914704
20952,0.011227376256574148
20953,0.8168602050125118
20954,0.0423122590353103
20955,0.03582094870985751
20956,0.0554052697289585
20957,0.5526267789827571
20958,0.006383461486081806
20959,0.06946165316505276
20960,0.517871336995056
20961,0.02351377639179329
20962,0.026439209952858134
20963,0.009034434287563488
20964,0.011164303319823739
20965,0.03354801760156606
20966,0.12705996308484033
20967,0.5003464608215549
20968,0.24683742867098185
20969,0.5337974108313995
20970,0.030397989540954483
20971,0.017543819582554153
20972,0.5677385376474806
20973,0.17549152039344498
20974,0.004137005388516043
20975,0.13524485817820467
20976,0.02444524294538624
20977,0.006812844811084802
20978,0.5774165883544405
20979,0.01617020213115159
20980,0.3134279128763221
20981,0.006958555475075474
20982,0.5355649643756693
20983,0.005827032319993719
20984,0.02052162046856452
20985,0.009318194357898782
20986,0.32867740417360847
20987,0.005175635930306176
20988,0.004585539238878113
20989,0.004687703091507744
20990,0.11218179279723267
20991,0.004731167057298812
20992,0.6792191692810396
20993,0.011336350418076908
20994,0.6986070562527025
20995,0.016444143321591706
20996,0.02764097725321711
20997,0.14959826774874097
20998,0.007692324797412836
20999,0.021543219646931903
21000,0.027353117782726772
21001,0.0223987122654443
21002,0.013712359747209676
21003,0.13473105528410506
21004,0.006803769921456215
21005,0.04424584430538283
21006,0.024159414656608206
21007,0.17181424940664874
21008,0.3979793569013546
21009,0.6896604644459307
21010,0.04437479924975901
21011,0.022776652752988312
21012,0.041151275900929
21013,0.7355423543388823
21014,0.03242497049583903
21015,0.3164277774254918
21016,0.017564808737825316
21017,0.973799923556454
21018,0.043128341361505146
21019,0.9084875727660828
21020,0.005256814619455145
21021,0.020424266379879596
21022,0.007977664657438092
21023,0.582801138130443
21024,0.0889473302088513
21025,0.3720627620788449
21026,0.03836747626065782
21027,0.020326219769616016
21028,0.3579804891184778
21029,0.014414955233855008
21030,0.04922463568269789
21031,0.23836163244287215
21032,0.05868874115543718
21033,0.03233335737141225
21034,0.0242797843864035
21035,0.4862837947130323
21036,0.0539284144274452
21037,0.4486067690137677
21038,0.06791503003310814
21039,0.015391455446603964
21040,0.9573350500075136
21041,0.9410857569381413
21042,0.03598117334308954
21043,0.030723665168649203
21044,0.010814397473617092
21045,0.019494351852713688
21046,0.09161478740913927
21047,0.9484252080699946
21048,0.47508044038392816
21049,0.004894577044291342
21050,0.018234011732282313
21051,0.42710468401796603
21052,0.015875008479329534
21053,0.006281913551919276
21054,0.29821470127058675
21055,0.032431547990190046
21056,0.24382390700901954
21057,0.016116586999870623
21058,0.029885870874873283
21059,0.7257800735549205
21060,0.0171082939628692
21061,0.03439133024435519
21062,0.46855541041077586
21063,0.0068326569893811685
21064,0.04969058938145799
21065,0.010423197055599649
21066,0.02096859115682434
21067,0.011780102823049936
21068,0.11189680977180316
21069,0.47271758012241777
21070,0.8648526841904153
21071,0.41973843733589145
21072,0.010726090184367461
21073,0.25055912330889063
21074,0.785158399238667
21075,0.02142008396343426
21076,0.017208485566295624
21077,0.2359086390918187
21078,0.012708669446600564
21079,0.04182489139136864
21080,0.39211134451655516
21081,0.6170276227083014
21082,0.11666443488329366
21083,0.045550264368813445
21084,0.5320888989602316
21085,0.033570291155629366
21086,0.6371778405657936
21087,0.07375771919001191
21088,0.010857655419742193
21089,0.005097220297199825
21090,0.9508381277037661
21091,0.013580767321733628
21092,0.02800319291434534
21093,0.023158842934431788
21094,0.9490624770960444
21095,0.29376138644054817
21096,0.03058404081187838
21097,0.010843563741571905
21098,0.5803945496821383
21099,0.20453815298568695
21100,0.7557313009515467
21101,0.024832141723213227
21102,0.34093347938602975
21103,0.5650256245418799
21104,0.13986446534089814
21105,0.013641780102881309
21106,0.19789909550383983
21107,0.17329748753967342
21108,0.01554640109219734
21109,0.005391765656410792
21110,0.019435982019164952
21111,0.02609957848348317
21112,0.08719945166393227
21113,0.1915675058113275
21114,0.8866423535182144
21115,0.1986439045806253
21116,0.019741742001220187
21117,0.0044929780682707345
21118,0.10170799656539885
21119,0.1404832938766195
21120,0.015730765620263407
21121,0.23654941723061437
21122,0.015080633718049326
21123,0.01275389443711155
21124,0.0038482886655653538
21125,0.11066114316610402
21126,0.6244671836423976
21127,0.03147906855382885
21128,0.1681530069347867
21129,0.7158707606934764
21130,0.09369313656765951
21131,0.004422081012915332
21132,0.48346834854473064
21133,0.9440143118630512
21134,0.4178851284185888
21135,0.04701116830857369
21136,0.07933110220694423
21137,0.5623956043053246
21138,0.057187588586530794
21139,0.4066509161720673
21140,0.011466592143837077
21141,0.021579758864061896
21142,0.014515422427319614
21143,0.36193495758115496
21144,0.025446138502864903
21145,0.00910845591089673
21146,0.07088870396108739
21147,0.9688342019126936
21148,0.030628618302513507
21149,0.018591532262492112
21150,0.14673707918275788
21151,0.1607962809769079
21152,0.1044522210319985
21153,0.00749143647270834
21154,0.04965992846120138
21155,0.3621413894827723
21156,0.05496570985273332
21157,0.7477407626455915
21158,0.015365903238227029
21159,0.9356078441649599
21160,0.023634728359822606
21161,0.16626059461970616
21162,0.05009146237727065
21163,0.00559708483309946
21164,0.013774628959372431
21165,0.06681029738960136
21166,0.13370300346126382
21167,0.005930539966430768
21168,0.0352034543855684
21169,0.07672767166748118
21170,0.07588616774454116
21171,0.24612701407174392
21172,0.7242302448953634
21173,0.8073229420453829
21174,0.06361019507550512
21175,0.18233054470721385
21176,0.35551373936633157
21177,0.006733025064927762
21178,0.025749587466942406
21179,0.27052524174721126
21180,0.27925251516630584
21181,0.021638167210467022
21182,0.4600908758918391
21183,0.39587388507995
21184,0.011550715742929304
21185,0.9420044731475155
21186,0.05431700627609552
21187,0.2175914866939086
21188,0.5313963962023638
21189,0.223358280997743
21190,0.004873428567845619
21191,0.18352129901881312
21192,0.2899587789355196
21193,0.024079478857430798
21194,0.01673667093457631
21195,0.018607502773176212
21196,0.10423028573747331
21197,0.013047738343596132
21198,0.2233307651840125
21199,0.07770688081454341
21200,0.9524502039657626
21201,0.04784814991679168
21202,0.09910077176934998
21203,0.005299318092684881
21204,0.0136543652181717
21205,0.5454940288700426
21206,0.007897706482527167
21207,0.2712647962330139
21208,0.7765616370187335
21209,0.0056812393960938715
21210,0.017238633675766616
21211,0.29116348547345233
21212,0.5855904269999032
21213,0.26117271491931215
21214,0.015144525313701494
21215,0.6487648940698
21216,0.970471055613764
21217,0.15948880664596113
21218,0.2214942038102842
21219,0.09873324526138867
21220,0.5863308499836059
21221,0.13587098947538265
21222,0.023946564096316788
21223,0.16576016548782785
21224,0.5609807901485904
21225,0.06773110729330403
21226,0.5656017899266768
21227,0.9340217061350701
21228,0.010487355778453349
21229,0.22300519602511135
21230,0.6176218288260258
21231,0.01884946409044143
21232,0.013284609172332122
21233,0.03940654298218055
21234,0.09945020080512557
21235,0.3805016118006024
21236,0.04514461093939642
21237,0.03285873870814593
21238,0.01936610238256252
21239,0.026034767116011076
21240,0.9375615107815178
21241,0.0245051219169404
21242,0.22061326970721162
21243,0.006190741711162195
21244,0.14081817584184286
21245,0.0619779649746879
21246,0.011367939209057303
21247,0.021820208571891913
21248,0.00907748326750224
21249,0.43178892140995706
21250,0.023694488958985606
21251,0.36143885691687777
21252,0.0043947273510669075
21253,0.1180249133065443
21254,0.037512382645993686
21255,0.2171335669459937
21256,0.03171105405758083
21257,0.7777530679749007
21258,0.28592359307458237
21259,0.9479577670516902
21260,0.7304081122962899
21261,0.11749302615949522
21262,0.010318692409291943
21263,0.0178215709239398
21264,0.7342032004817621
21265,0.0038043124515703395
21266,0.02072488737618997
21267,0.008836238237069761
21268,0.020132858315281596
21269,0.017173804136836588
21270,0.010672551889913656
21271,0.022924544463401295
21272,0.023418700444495913
21273,0.028924378446848184
21274,0.0037246753868522896
21275,0.07127485494537672
21276,0.03676254041827182
21277,0.04523693306786253
21278,0.10656771537565624
21279,0.15911639706691838
21280,0.019964787258025637
21281,0.13460709111459127
21282,0.1735469393717295
21283,0.021262696132921696
21284,0.5292145999229381
21285,0.019856575939070885
21286,0.02581141543957337
21287,0.12991972498875648
21288,0.026101607934872515
21289,0.02261734951047066
21290,0.009376838394724007
21291,0.4453285438604893
21292,0.018684022302385597
21293,0.022721204556152164
21294,0.7439438738470052
21295,0.018805310232458967
21296,0.05834468665203973
21297,0.5856433301251297
21298,0.004827824860345557
21299,0.7752571766994893
21300,0.031116466769686796
21301,0.019976627177918524
21302,0.8263388306192
21303,0.007601096856249521
21304,0.049523090404706364
21305,0.012763280879312616
21306,0.021246688371651726
21307,0.024112092742717705
21308,0.042155755917804134
21309,0.004539710840375421
21310,0.013991743430535249
21311,0.22642350331183564
21312,0.11370570306976541
21313,0.790529725606866
21314,0.6355582379345018
21315,0.038333217391780375
21316,0.024995227830291802
21317,0.01410062522325693
21318,0.004653416190425612
21319,0.015777182188550645
21320,0.011005659752122768
21321,0.34129100572356436
21322,0.9651293822089935
21323,0.0864945087768362
21324,0.02641591237911291
21325,0.028847096933546573
21326,0.6218353644730286
21327,0.025021518212028547
21328,0.018826030871326734
21329,0.007619650034751466
21330,0.009401378784064988
21331,0.07988071225980292
21332,0.038982281125951306
21333,0.6125308622640672
21334,0.8578736457013092
21335,0.909034800217284
21336,0.0969883666604701
21337,0.008676609351497536
21338,0.342842610191055
21339,0.267245433490614
21340,0.057753403762469846
21341,0.6801126510768613
21342,0.3199734122231902
21343,0.10760264240382053
21344,0.02500402406472162
21345,0.030592314671918003
21346,0.9168201757007853
21347,0.03291022550754818
21348,0.05065512203920928
21349,0.009576206751876181
21350,0.010181350486171484
21351,0.10979297485769202
21352,0.12632945700648332
21353,0.0208949558798826
21354,0.12794904172904878
21355,0.11342137050915153
21356,0.21546155634202296
21357,0.13573022774667873
21358,0.005647880811311804
21359,0.004540885105596898
21360,0.006749533020233297
21361,0.02396532792431944
21362,0.8966719544475756
21363,0.006101748090290139
21364,0.014508992697741372
21365,0.10941219674646549
21366,0.005730794919039114
21367,0.7442784439309527
21368,0.14965329267129013
21369,0.03223273164081615
21370,0.009289685617290308
21371,0.01565857118537908
21372,0.004042495214726314
21373,0.9642888097099263
21374,0.30421217725963
21375,0.007593982187748216
21376,0.03721269000352581
21377,0.074648477827977
21378,0.03167769843796108
21379,0.7195743995678534
21380,0.006396131041262097
21381,0.0368798110633382
21382,0.14124106122407645
21383,0.013639378909127135
21384,0.0257063240948841
21385,0.8136676246017602
21386,0.004999682995293768
21387,0.9161499788158093
21388,0.0038214830773848313
21389,0.01373705284514089
21390,0.7850628349213157
21391,0.20234234232041867
21392,0.03535135800693829
21393,0.19287496456334943
21394,0.00999750630477644
21395,0.16717544436422319
21396,0.02006520042586444
21397,0.019353625919580408
21398,0.01139992266252823
21399,0.17267906987407802
21400,0.04659381378783167
21401,0.015892550208503654
21402,0.03209981992011428
21403,0.5540067229663171
21404,0.09483590561384726
21405,0.10030111073356572
21406,0.018800139893555688
21407,0.10771532536580052
21408,0.292072983014242
21409,0.10092463387595871
21410,0.014534279580828818
21411,0.9419517479826958
21412,0.0802279629823538
21413,0.005022926640801947
21414,0.0831438066503444
21415,0.23312736559153843
21416,0.010603044456200542
21417,0.37829375878151156
21418,0.8165097810226496
21419,0.020243287173308366
21420,0.1734119500769294
21421,0.015927890147346132
21422,0.26047867362396215
21423,0.7632010298600562
21424,0.2423452408851748
21425,0.020249614478725784
21426,0.020244036973245342
21427,0.5920725822680608
21428,0.11932785315924463
21429,0.021934579374572823
21430,0.8472960178462836
21431,0.004548736199146474
21432,0.005484047805375898
21433,0.014967591494764437
21434,0.10495955999156782
21435,0.01991063769796401
21436,0.004958768035779686
21437,0.055030077042813375
21438,0.031022426828132353
21439,0.4687014305905675
21440,0.015436599436548766
21441,0.1640133236822767
21442,0.9388084868109116
21443,0.0067864646006876314
21444,0.09190766767572786
21445,0.17322952123167923
21446,0.15285030637547106
21447,0.0643834725086741
21448,0.14841022853384614
21449,0.012190037858624207
21450,0.35149459269421335
21451,0.6936915845841268
21452,0.30723604286065614
21453,0.0505713240479698
21454,0.5537686615145812
21455,0.00676512627565688
21456,0.046372591592536615
21457,0.949289714406693
21458,0.024387672549158423
21459,0.004400926971370084
21460,0.1509323703976268
21461,0.17681433232106897
21462,0.011334256142335715
21463,0.1420188795896862
21464,0.013152367601347685
21465,0.004952375358773676
21466,0.10142338941280485
21467,0.013933390400343597
21468,0.3405825252569312
21469,0.7987799737524748
21470,0.009753015821732469
21471,0.04162052370851473
21472,0.028026727226484652
21473,0.010018399663124608
21474,0.01000417582006194
21475,0.020273265839387836
21476,0.9128521737911273
21477,0.053105972883167034
21478,0.024537140811219663
21479,0.012600217561223735
21480,0.26236320759716875
21481,0.2998623706537725
21482,0.6228070520983281
21483,0.016477171326135017
21484,0.30898841361447626
21485,0.014462793912051897
21486,0.05125616438687764
21487,0.7499722527818955
21488,0.018066946717046936
21489,0.07199110898857608
21490,0.8770686398929566
21491,0.3846352588824866
21492,0.2878040063591303
21493,0.6404827555388576
21494,0.02454007702906082
21495,0.06869602054876185
21496,0.011551403006471662
21497,0.3470353906998342
21498,0.6542608186771672
21499,0.004634448923604511
21500,0.47645247194192014
21501,0.009940112336745292
21502,0.18328579984488522
21503,0.005803732520300801
21504,0.5506318908421749
21505,0.08209222223403616
21506,0.057817734982766905
21507,0.02737211136745378
21508,0.006138098533931654
21509,0.04140133079148179
21510,0.4023778901976604
21511,0.020354377627439427
21512,0.057671787865572456
21513,0.037155527645518674
21514,0.011058953104717977
21515,0.16785311406830805
21516,0.4473182971220953
21517,0.09187734730367395
21518,0.014420805101962768
21519,0.22101216192065706
21520,0.013480873314161302
21521,0.20817669631168564
21522,0.4162538103665169
21523,0.0038738168963689474
21524,0.2736717860303272
21525,0.19281169142966445
21526,0.056662689381163034
21527,0.09106783029014258
21528,0.05099184670502813
21529,0.01400240364321941
21530,0.11324901790342512
21531,0.030308956488473076
21532,0.04851000835677026
21533,0.005659803541542085
21534,0.8107919848293199
21535,0.5252792834095544
21536,0.07139943459327813
21537,0.08443056196192197
21538,0.005393041720015975
21539,0.15874345577187352
21540,0.24984167190397388
21541,0.10525069887537479
21542,0.13497709350833498
21543,0.2460966354120831
21544,0.01827509779389629
21545,0.0730049423030945
21546,0.020510924098243333
21547,0.009345696128074975
21548,0.024024935738104138
21549,0.02427011563057798
21550,0.49686187124331566
21551,0.04778655795165891
21552,0.06016990058667285
21553,0.25071900780755707
21554,0.24817431310629906
21555,0.014548783576849446
21556,0.012911913608993485
21557,0.02560212461088231
21558,0.6923400075792857
21559,0.40557637116428064
21560,0.10093425678250617
21561,0.003922930639932729
21562,0.003588711593150836
21563,0.011091459243133032
21564,0.02347316728434341
21565,0.13977494428078402
21566,0.01570945318921953
21567,0.0464782805617196
21568,0.05199180176562855
21569,0.04417109882791617
21570,0.054061113256998944
21571,0.009339187309515622
21572,0.4984396934766188
21573,0.013610821695662795
21574,0.01617137972855159
21575,0.027319781740303008
21576,0.38991830715182146
21577,0.003474630343307809
21578,0.10078644948303228
21579,0.012647498916918274
21580,0.7051472692334483
21581,0.015597523900494157
21582,0.016663727662501786
21583,0.06613921282439776
21584,0.012883164643061473
21585,0.004438733604989978
21586,0.36609094155144456
21587,0.2996419198182976
21588,0.006404109949812544
21589,0.005116774495573086
21590,0.04136126744424686
21591,0.48593417465918465
21592,0.6824166795912461
21593,0.004254091065499301
21594,0.12456809295500129
21595,0.6372128622483546
21596,0.01567243749966156
21597,0.22518022233155222
21598,0.5462596965674628
21599,0.054750377218695606
21600,0.08340762484323239
21601,0.09079762910059114
21602,0.005098221749128793
21603,0.6430550743879101
21604,0.0113713476906765
21605,0.30822879749037374
21606,0.1534565599685379
21607,0.6896751617236022
21608,0.5156127385491515
21609,0.08051807641035146
21610,0.12633296984137807
21611,0.09297130884305782
21612,0.006865703296916947
21613,0.030962032660938114
21614,0.30151295785153187
21615,0.005124424691976406
21616,0.025677562078362276
21617,0.004773917062857102
21618,0.006207698785847592
21619,0.020343315315468614
21620,0.019549276417615464
21621,0.021428903621916618
21622,0.47713410521874267
21623,0.33612530499083043
21624,0.18352765513295113
21625,0.013169863401460324
21626,0.007118216786025521
21627,0.033385394995554346
21628,0.004816327510523293
21629,0.04068903171604729
21630,0.23880223899158948
21631,0.027665491254983368
21632,0.004687260469564302
21633,0.0274155707067629
21634,0.7244964147791557
21635,0.014556581729328555
21636,0.01723504729538136
21637,0.045053676040352146
21638,0.29888497703590977
21639,0.15951297557900654
21640,0.0924884952337602
21641,0.022896079152394257
21642,0.11488160077787218
21643,0.8856397295135838
21644,0.2721107325193598
21645,0.046282571438500966
21646,0.011910231241068846
21647,0.03404483842693204
21648,0.9516850383070409
21649,0.013723090639075598
21650,0.013024362935520674
21651,0.004249409994715211
21652,0.08847139868889257
21653,0.11273329173083471
21654,0.018307533027567616
21655,0.09100061694667298
21656,0.013974471315337873
21657,0.03144690815307615
21658,0.14194855203442733
21659,0.228632236543444
21660,0.7330864447749734
21661,0.047583708738131794
21662,0.5178111228122372
21663,0.013984999128187393
21664,0.6419786237891953
21665,0.46983889623529085
21666,0.1309250653779421
21667,0.004903278599077185
21668,0.08560650998013097
21669,0.055114664099302664
21670,0.022828172641417538
21671,0.6165498484524152
21672,0.03045056202351125
21673,0.08294545902012908
21674,0.0816200043010633
21675,0.005884543270419507
21676,0.016911948832466293
21677,0.008869131995917382
21678,0.020154966223844117
21679,0.11752145759033913
21680,0.2723544781444307
21681,0.9472633360145503
21682,0.07712367696745029
21683,0.017246209165628034
21684,0.009002792960466287
21685,0.19180894466428264
21686,0.16277765784175874
21687,0.004506734978770967
21688,0.013592891674465354
21689,0.2669030397661189
21690,0.03451181875115532
21691,0.01810086439304018
21692,0.05894412495261106
21693,0.027544070203079817
21694,0.012988899091865425
21695,0.24307074621012284
21696,0.13925315395571108
21697,0.23840073531929287
21698,0.02435115360838092
21699,0.040467103132725585
21700,0.7976176680171839
21701,0.027541664411825022
21702,0.08829653983723647
21703,0.17045433180978484
21704,0.01872292417797787
21705,0.02793015514303713
21706,0.3404343679964738
21707,0.9155379991424446
21708,0.0041380914047649195
21709,0.0049945092937324
21710,0.022009402412425397
21711,0.028844653334117783
21712,0.0747680533273539
21713,0.030164610502596133
21714,0.02313394795412411
21715,0.6787962036165809
21716,0.03845122511057367
21717,0.01642744826813161
21718,0.3565094242044545
21719,0.018866124944419558
21720,0.007856592137271476
21721,0.01927506678419036
21722,0.01641647554442647
21723,0.912529507236358
21724,0.8821073293996919
21725,0.02361840526355374
21726,0.05937541046984788
21727,0.01876842193695519
21728,0.635704524532891
21729,0.016499899265808398
21730,0.07755896754540484
21731,0.05974361141167187
21732,0.08937367122943048
21733,0.26262413121923656
21734,0.047968445072468224
21735,0.045132374648997296
21736,0.0884814099247158
21737,0.028446193083349683
21738,0.36403807990258136
21739,0.014976780980261622
21740,0.9816877098460235
21741,0.5700891376078279
21742,0.6719804701295737
21743,0.1121251866831775
21744,0.07509380895590585
21745,0.01979123353341619
21746,0.4218516629541575
21747,0.004748514578198826
21748,0.9467747792479081
21749,0.23785682861075683
21750,0.17695269466730618
21751,0.7936482871740413
21752,0.07597496713647091
21753,0.29869970995546524
21754,0.9570057182144517
21755,0.10939881720936784
21756,0.035112205343196964
21757,0.9752409448804146
21758,0.09585662656672313
21759,0.014745270407568107
21760,0.012246206312973464
21761,0.011462549362395782
21762,0.06917331113133163
21763,0.08001763172079429
21764,0.9630645861951165
21765,0.09571169501907444
21766,0.5555770745828531
21767,0.22898172680402296
21768,0.3558892207639244
21769,0.07997032626793307
21770,0.6527034473446779
21771,0.017518640773704176
21772,0.09151322821088018
21773,0.04818156726525327
21774,0.013244772338453323
21775,0.013710271679504464
21776,0.0034185518191588156
21777,0.005151286064702622
21778,0.05729743872230804
21779,0.009497895172431629
21780,0.14475809853978028
21781,0.015110230914837496
21782,0.03666824719430264
21783,0.00879273594810215
21784,0.004138552895132356
21785,0.766037502674412
21786,0.9264295164534111
21787,0.5970966903439511
21788,0.09945736942549313
21789,0.04328378668147355
21790,0.06891749822949095
21791,0.013062319160388773
21792,0.04926623194296713
21793,0.22028440686352888
21794,0.2754243325087109
21795,0.2993971376966232
21796,0.07070172523602715
21797,0.1693795271337971
21798,0.009351048892104249
21799,0.1496547251757279
21800,0.8292452363494117
21801,0.8829305962948422
21802,0.10298304977113105
21803,0.013537302814600137
21804,0.016151620618549835
21805,0.13523624713427784
21806,0.012467761944155126
21807,0.08167799002925755
21808,0.006385632402943006
21809,0.004843005974838198
21810,0.006566201147078379
21811,0.02426855631329147
21812,0.12326815461406904
21813,0.18447581575439348
21814,0.0838318795707226
21815,0.18436836430894543
21816,0.014902336716755078
21817,0.032936006430688815
21818,0.5144256290711191
21819,0.7133705835328489
21820,0.007140703396187431
21821,0.11491092690573841
21822,0.5049646847298644
21823,0.014458554316559697
21824,0.1616847916486143
21825,0.08005279636387144
21826,0.06926832368604596
21827,0.21765996010848174
21828,0.030152811435688365
21829,0.43280056280229956
21830,0.16788458651945323
21831,0.9023621100394693
21832,0.6469578068093265
21833,0.06772102541121088
21834,0.040840933889193395
21835,0.004379793710972421
21836,0.23328849107500133
21837,0.3641486656105012
21838,0.08262298432575431
21839,0.006285023682436017
21840,0.16021403894450553
21841,0.016912377342749148
21842,0.027996263045908843
21843,0.8848949391007443
21844,0.14260242907303908
21845,0.03289229162993737
21846,0.06463110376556315
21847,0.4296073104491648
21848,0.6167953609132496
21849,0.010610408254622582
21850,0.043061158232896635
21851,0.02286411773921403
21852,0.9065962289884629
21853,0.011580593405159345
21854,0.05338630946101512
21855,0.012151417072418529
21856,0.8117672486933416
21857,0.007431402490032749
21858,0.12368731489784322
21859,0.05281425417184793
21860,0.027906507061098332
21861,0.20437729919731296
21862,0.015743628670951648
21863,0.12643712592721998
21864,0.32488573606562354
21865,0.07161324374268242
21866,0.3638846825556683
21867,0.018539162342905494
21868,0.02992239871181714
21869,0.0638167526220408
21870,0.009271891970405342
21871,0.016058170966248855
21872,0.039119589303556516
21873,0.010411878920265414
21874,0.005409388107431296
21875,0.17028887713682941
21876,0.5080629552438759
21877,0.7629551276361449
21878,0.044774482782764496
21879,0.23600118319959473
21880,0.1493148032869636
21881,0.019912890926842185
21882,0.5041280215508332
21883,0.1659473727756408
21884,0.7358547856512856
21885,0.010304752517609858
21886,0.01590778855612326
21887,0.018497015394958956
21888,0.04738220786919141
21889,0.1612686688713182
21890,0.010734177971671166
21891,0.31534277737908495
21892,0.04610509232731274
21893,0.2668750393977904
21894,0.13939556470705605
21895,0.09299741708001205
21896,0.08278392274637009
21897,0.38270341826038956
21898,0.022793510237126897
21899,0.015584571069746225
21900,0.022007872150526357
21901,0.015813113152711656
21902,0.026000486736386066
21903,0.19605586283578666
21904,0.12506638980253112
21905,0.118717659003588
21906,0.014525291090419789
21907,0.04430715840951072
21908,0.07010488256363173
21909,0.4653808457033912
21910,0.02290100243986467
21911,0.05634668424493418
21912,0.09448679875142262
21913,0.068348044899027
21914,0.0043518454425044446
21915,0.3930421948647131
21916,0.5000102193938137
21917,0.01614856982870011
21918,0.5142835792710805
21919,0.08110233619439466
21920,0.010974897663577742
21921,0.013031212456544981
21922,0.30412879398245324
21923,0.37374228662469433
21924,0.12069664185759364
21925,0.00426734033300162
21926,0.014067250898140433
21927,0.06266689861611222
21928,0.12262738454517183
21929,0.030862693903719728
21930,0.037927727284418136
21931,0.8955446207126887
21932,0.008247442237169332
21933,0.018576760071091266
21934,0.011941258250651914
21935,0.02703322225888362
21936,0.012212530371519276
21937,0.046740400168514974
21938,0.016747542031060058
21939,0.15360239617527374
21940,0.05600471321220596
21941,0.49748167690067113
21942,0.013672429269274738
21943,0.2343095461407067
21944,0.07944436016398117
21945,0.005317311675006848
21946,0.9376781111930597
21947,0.9322303685491364
21948,0.0139709504362151
21949,0.04084490387186112
21950,0.02551401775299739
21951,0.007394804405716294
21952,0.06330025982975652
21953,0.062290572732785536
21954,0.2402788655323729
21955,0.03879888517634613
21956,0.14529713719378035
21957,0.16777271188312903
21958,0.10614117193130115
21959,0.024229111731409115
21960,0.0146492461773335
21961,0.1515094575423608
21962,0.013643255149259095
21963,0.023767026571397332
21964,0.008248330859096134
21965,0.20134575624518183
21966,0.01645684372630117
21967,0.00793708690491125
21968,0.07838255141113593
21969,0.7064298312989377
21970,0.03485794743158993
21971,0.04700302869726403
21972,0.00949654301542321
21973,0.2531992849279121
21974,0.045943761150176045
21975,0.03701051302249953
21976,0.05295808750295869
21977,0.024221304134648958
21978,0.9113544118365163
21979,0.0119468188396167
21980,0.7484832368275721
21981,0.6383711130920008
21982,0.03147891469754633
21983,0.045833171751020654
21984,0.0607027276803572
21985,0.7381013179361311
21986,0.016995787160509687
21987,0.025011412444136676
21988,0.2928810098931427
21989,0.005362756775931885
21990,0.9267870681628589
21991,0.17233967661692895
21992,0.2304399298023743
21993,0.01842814794355172
21994,0.1972435940805804
21995,0.1549990944356043
21996,0.003750513232501707
21997,0.07982899786188472
21998,0.09647883354184553
21999,0.7666869442774551
22000,0.39441131963565956
22001,0.016949947973364184
22002,0.06065014647504386
22003,0.24492197518208292
22004,0.2136699980110855
22005,0.008767233856441667
22006,0.0041971552312967874
22007,0.11207450747406701
22008,0.016203234958196047
22009,0.02058316537793087
22010,0.012706080039821798
22011,0.6004857809414894
22012,0.9714157449151408
22013,0.013350800786433255
22014,0.016058159008612197
22015,0.0050981870575456355
22016,0.05932274324915834
22017,0.2073941676765548
22018,0.108382712388528
22019,0.18209429258819346
22020,0.6500393107864102
22021,0.020516415530476947
22022,0.042751737041375415
22023,0.0688982347567931
22024,0.017874225951894016
22025,0.015255609682103074
22026,0.004425880566171378
22027,0.13547130934100568
22028,0.7662307444389218
22029,0.18226423751228793
22030,0.06614366505047933
22031,0.16461806118959693
22032,0.42971828917065297
22033,0.5026809395304703
22034,0.7834805313452016
22035,0.11672213275692059
22036,0.02068957620208775
22037,0.015387131846792072
22038,0.02391159669157468
22039,0.004293639018818547
22040,0.8460476832024755
22041,0.5290755477996406
22042,0.012882972530554333
22043,0.5114348066369759
22044,0.004567437281544399
22045,0.004260538664445823
22046,0.05888863783900252
22047,0.9685862887426733
22048,0.03635344347978147
22049,0.023557557518718644
22050,0.0594531988795587
22051,0.05851674832632959
22052,0.007018380879577308
22053,0.5988303057970653
22054,0.0148860503514578
22055,0.25654145970281583
22056,0.33116793762104535
22057,0.1433804289129236
22058,0.004437375313137214
22059,0.7011802333542319
22060,0.03328522823191329
22061,0.015388467468061684
22062,0.0112928486047131
22063,0.5333203548206124
22064,0.02140494378325741
22065,0.004929274885286794
22066,0.10838965043528612
22067,0.036304825382971265
22068,0.16613273321303518
22069,0.08199332439577521
22070,0.3271631609072799
22071,0.011370239674190472
22072,0.003774003487113473
22073,0.26888262535404955
22074,0.8625772389744836
22075,0.1427181053877592
22076,0.0266387992113845
22077,0.005942248193748244
22078,0.4194838727689439
22079,0.029334896746684113
22080,0.00589613391572056
22081,0.11892104341676
22082,0.35558568082715647
22083,0.024922135375965816
22084,0.12829586351206354
22085,0.034162522405076244
22086,0.03264007115190011
22087,0.00953793676431412
22088,0.005660821623212258
22089,0.018896171322803267
22090,0.08488897891444268
22091,0.006628072196084583
22092,0.004101453935971586
22093,0.014185445691053879
22094,0.06609963961291812
22095,0.8753602471200235
22096,0.7069416834159725
22097,0.40749411889645254
22098,0.11685245949251408
22099,0.00558720398081339
22100,0.46003621116866794
22101,0.7644619761517515
22102,0.037195296134549694
22103,0.006544344035370356
22104,0.02457674109460381
22105,0.052815226035262536
22106,0.15628981503110587
22107,0.2166107328091558
22108,0.015065454631501204
22109,0.8193426076398511
22110,0.024544374574266493
22111,0.006959546699842967
22112,0.8768372614552493
22113,0.05742592561529364
22114,0.10180368027326436
22115,0.0036239090413955695
22116,0.14085776569819441
22117,0.09180587022593292
22118,0.014982342445921141
22119,0.019293728161996815
22120,0.006966032256437177
22121,0.025164422685327495
22122,0.02100592113446287
22123,0.11213318691455036
22124,0.7844120279919192
22125,0.022791643399913526
22126,0.2866795781543813
22127,0.9241780452987599
22128,0.01721637468456051
22129,0.05823011677033607
22130,0.50029985185968
22131,0.016390944033417926
22132,0.021177227664338414
22133,0.10482141059834724
22134,0.016689249850922083
22135,0.5515425665369709
22136,0.1675767551726409
22137,0.40079140773329713
22138,0.09972387525145536
22139,0.011123538747025817
22140,0.02789680809636627
22141,0.06437218383174725
22142,0.23272945521689134
22143,0.017144182401894654
22144,0.8138767444698494
22145,0.005691729959218036
22146,0.006969749896551492
22147,0.08694412909057632
22148,0.15166969265944702
22149,0.013191224121649409
22150,0.03753322640021325
22151,0.021779167778507746
22152,0.03750128287473047
22153,0.48619209445930395
22154,0.13343790270168315
22155,0.027563614901110336
22156,0.03558649275357942
22157,0.07383163440065837
22158,0.1312672706612158
22159,0.014257718869545181
22160,0.018656365625968875
22161,0.11174249784328794
22162,0.9369215316396537
22163,0.062092333568168304
22164,0.011766307371682836
22165,0.01896725440124578
22166,0.12129272466723748
22167,0.023933467272793166
22168,0.1545814552910955
22169,0.015713603947209644
22170,0.04880197702458558
22171,0.007546763601620028
22172,0.30009247880817613
22173,0.01851131208266262
22174,0.1667660487145346
22175,0.07726580937287578
22176,0.1761354721419804
22177,0.013119320949213652
22178,0.11972202608917992
22179,0.012293383518229568
22180,0.03821974439921319
22181,0.15445394023491094
22182,0.0127500904091387
22183,0.6106162984558693
22184,0.07673005510915082
22185,0.029396208807253847
22186,0.7441305911353635
22187,0.020181435389040492
22188,0.8089932410305208
22189,0.1265591069173071
22190,0.046589985504556904
22191,0.6429559477013297
22192,0.16857282742335258
22193,0.2798849749336707
22194,0.013436649655844823
22195,0.65840620252487
22196,0.029884895385639532
22197,0.4069158246953816
22198,0.05229545418730175
22199,0.4385582885754694
22200,0.005768322786998369
22201,0.08449343280885342
22202,0.004503289525319693
22203,0.6237747932842691
22204,0.009183762215696467
22205,0.008273344447384506
22206,0.17119595640564367
22207,0.12199800566279878
22208,0.10206507566865378
22209,0.17133319528133226
22210,0.9329209805190058
22211,0.9704272349079446
22212,0.7518281896871467
22213,0.01300876876492038
22214,0.024759593245297883
22215,0.005365824588834437
22216,0.8655001325623712
22217,0.1411224522266356
22218,0.013241039725886632
22219,0.005767559618250813
22220,0.4163223695655438
22221,0.5121507425596945
22222,0.012400557525206381
22223,0.022840016402810734
22224,0.9518523271401862
22225,0.8820560062144697
22226,0.021628952364433306
22227,0.07424107747831168
22228,0.012830127723772587
22229,0.02102082731613923
22230,0.557369114169824
22231,0.13127099867769032
22232,0.011868381461791606
22233,0.01733463976470399
22234,0.7974519803265935
22235,0.06358287533060714
22236,0.005796640919170211
22237,0.8524083681053897
22238,0.6096448304677103
22239,0.09637455193070538
22240,0.25552303766861895
22241,0.29837360257651085
22242,0.09768172775413979
22243,0.006510096184905475
22244,0.013947190465608413
22245,0.04070212780238061
22246,0.8975996219806548
22247,0.07560222686940443
22248,0.015291020880137413
22249,0.06754529506307812
22250,0.5944220862770704
22251,0.02763404560921809
22252,0.015048968845243855
22253,0.04367233883774964
22254,0.004386301129234494
22255,0.4043000905425292
22256,0.07841611055198738
22257,0.017444997655152505
22258,0.061208020742831076
22259,0.2950067391965574
22260,0.13563901329933928
22261,0.018874983159382096
22262,0.013782180539373913
22263,0.6325609209605347
22264,0.02584655562695197
22265,0.8557467628863235
22266,0.11612570437985367
22267,0.014040264058080764
22268,0.030211816735074958
22269,0.842261148496743
22270,0.018149391230589146
22271,0.033728006715908594
22272,0.024897722139198296
22273,0.012796463932126976
22274,0.10806858354112558
22275,0.012318103894261152
22276,0.15301622544940255
22277,0.41108844187487564
22278,0.030926116406878475
22279,0.04835829095655301
22280,0.01200913608808054
22281,0.17692960949269737
22282,0.38910886939489797
22283,0.4448940535969769
22284,0.8836102964307331
22285,0.042506459349811634
22286,0.22457706146983847
22287,0.03089553759731511
22288,0.82815171427114
22289,0.023319262486675308
22290,0.034818065549518426
22291,0.3721976550843382
22292,0.017474963337691864
22293,0.16105924580606165
22294,0.01931596107948854
22295,0.20267738247151873
22296,0.05817493687147597
22297,0.22992088737347693
22298,0.03896265321988839
22299,0.7291596348006913
22300,0.01918227317732003
22301,0.026063426109518707
22302,0.07893839577917369
22303,0.004058737601584706
22304,0.9329577724803406
22305,0.010688790758038412
22306,0.7487214863887149
22307,0.06209112610221412
22308,0.3633872231096595
22309,0.01751901935340475
22310,0.06400761608723053
22311,0.10895217360492473
22312,0.01454536626229013
22313,0.010261089677144637
22314,0.15157900055467338
22315,0.02451513010547113
22316,0.4525174641751631
22317,0.2605864075613776
22318,0.9798954896036934
22319,0.5607968349783399
22320,0.1344969081382545
22321,0.037124107963744185
22322,0.02134417172879965
22323,0.07869652227688768
22324,0.03415349935817846
22325,0.05160051301541287
22326,0.008716356515551617
22327,0.8119347896908424
22328,0.013585419492000466
22329,0.08138759253420061
22330,0.14958136498219815
22331,0.0071688064326208825
22332,0.014700020133229965
22333,0.03317734509406011
22334,0.4010733305680485
22335,0.020765517874035938
22336,0.012851092552489805
22337,0.026511096082667926
22338,0.005216518753401329
22339,0.29545113735826417
22340,0.005733763504063001
22341,0.10701051347554254
22342,0.051714656065182114
22343,0.03963074742650624
22344,0.08008170436041884
22345,0.46747448006003883
22346,0.302271970429953
22347,0.23261014871356717
22348,0.02237992049573404
22349,0.11121686188313865
22350,0.06285103001037778
22351,0.07745649737287451
22352,0.026162505541774725
22353,0.18226616001313253
22354,0.3428768240399993
22355,0.22927890958861588
22356,0.4136536101323387
22357,0.14372393710819564
22358,0.00467877953704619
22359,0.8139209049521996
22360,0.02950234259211134
22361,0.025742935771056644
22362,0.5274520804439745
22363,0.1289885647243431
22364,0.17280464658471328
22365,0.43427597116923805
22366,0.011408492478023986
22367,0.061715819488097054
22368,0.009283541107824884
22369,0.0427422400466262
22370,0.02445550760326983
22371,0.25034776161795447
22372,0.0037252251943866517
22373,0.02689385009942177
22374,0.027871530840921473
22375,0.022517817544997664
22376,0.004268008308958769
22377,0.025199328367404995
22378,0.7254285292669299
22379,0.9584483585841351
22380,0.3615452568881013
22381,0.07203354105436355
22382,0.9580002366026483
22383,0.038319120975206504
22384,0.02911311788124221
22385,0.045818445871576824
22386,0.3578560007639162
22387,0.010665897666271865
22388,0.39483155773571427
22389,0.47635394204030773
22390,0.06948261847646188
22391,0.013253120728917146
22392,0.07824245570433756
22393,0.13146112664860657
22394,0.013136918405922526
22395,0.05291032172726839
22396,0.14125565101280416
22397,0.03879831318124642
22398,0.0972785074376036
22399,0.23511700295254193
22400,0.09721700099240181
22401,0.00653888145920431
22402,0.025472543255239306
22403,0.4728829467618014
22404,0.04146310869782652
22405,0.9107795074872189
22406,0.0037044487633877384
22407,0.3987129103410167
22408,0.08327486626644644
22409,0.016439423300421595
22410,0.14240076864059678
22411,0.027601159845097478
22412,0.021815376015610104
22413,0.053605548791274174
22414,0.5640861347446592
22415,0.01291447969911693
22416,0.36587231328951114
22417,0.12365893199998
22418,0.04980136457280391
22419,0.013726785771955876
22420,0.1502648401473712
22421,0.011873539184517147
22422,0.20776868507235707
22423,0.01683705274094925
22424,0.016173707371826596
22425,0.06587619585896488
22426,0.006875941484088876
22427,0.4862834523725589
22428,0.23277085389223306
22429,0.06164888247655459
22430,0.01745949716344916
22431,0.021109590682296092
22432,0.3606206957691529
22433,0.09962877175695056
22434,0.00800546822680342
22435,0.005334216325253283
22436,0.06732813249034171
22437,0.20417881125495893
22438,0.13386928508903903
22439,0.9279828215050864
22440,0.012726304545717337
22441,0.016496673029171186
22442,0.8488597739618722
22443,0.004984540920911171
22444,0.36577187325133487
22445,0.1348150898784808
22446,0.00833343104931207
22447,0.34644322749738826
22448,0.023059631256145588
22449,0.012980939886075717
22450,0.6532867818526674
22451,0.009982577089435497
22452,0.17494476913732868
22453,0.9633680246173979
22454,0.9466135001083645
22455,0.09369813530817765
22456,0.0158828867613832
22457,0.016551313225748435
22458,0.2047108133590868
22459,0.015566175655003784
22460,0.07803386947975582
22461,0.004040606275522138
22462,0.02894496970999256
22463,0.030198091724339203
22464,0.509061121855043
22465,0.016301118160304034
22466,0.0158904329227154
22467,0.019862109959559646
22468,0.7904707089303881
22469,0.02072064798577551
22470,0.016408436871408957
22471,0.009232665776961907
22472,0.01762135137795105
22473,0.26845718629497844
22474,0.004406138054690732
22475,0.029633007696372556
22476,0.43404741934174706
22477,0.03290093532423657
22478,0.06289325652647691
22479,0.00571990079623341
22480,0.06272455666352869
22481,0.10512509948389928
22482,0.17195485364558089
22483,0.4556554754303324
22484,0.7580275668299198
22485,0.14968671799754443
22486,0.010602616162595906
22487,0.020189261010238376
22488,0.3086393219862945
22489,0.8392117973320502
22490,0.43309558363747397
22491,0.009490879377251757
22492,0.943266840426304
22493,0.037151681125178235
22494,0.013591321904697494
22495,0.024076237087798113
22496,0.003611954450000096
22497,0.019461277880829995
22498,0.7432024776255011
22499,0.06441967250407175
22500,0.08085745236846774
22501,0.014682496584413809
22502,0.07621391854537166
22503,0.9406650740692848
22504,0.004118269243962259
22505,0.010586154172760152
22506,0.0788858706023214
22507,0.013574693359846693
22508,0.027551568728045445
22509,0.010421889979366978
22510,0.014734608153110416
22511,0.014325311633051676
22512,0.252257070894975
22513,0.336544951173749
22514,0.7038743776179481
22515,0.970660533345289
22516,0.012390363329749217
22517,0.12943010142732017
22518,0.011477328588150704
22519,0.017033818329769662
22520,0.06026847314247664
22521,0.17505280563372974
22522,0.010744030946965527
22523,0.04127544161523973
22524,0.01761239861480878
22525,0.05845942483820931
22526,0.044718633441103633
22527,0.6520271107125158
22528,0.0052703605257685615
22529,0.005527990003238329
22530,0.024568946317952447
22531,0.15159568610999802
22532,0.2550376463550171
22533,0.0415825116949705
22534,0.039943345074803786
22535,0.03761876856752297
22536,0.0031823883499936473
22537,0.04868758090570623
22538,0.4840794586849424
22539,0.016748158538748233
22540,0.886825175434337
22541,0.012014213469472195
22542,0.04729293230654894
22543,0.04295628195587936
22544,0.7012906552827717
22545,0.009693155316080941
22546,0.004238127625482718
22547,0.5145224937543487
22548,0.0048298695042188165
22549,0.2327958373553215
22550,0.4063181890977765
22551,0.015641212866993725
22552,0.10887423643778651
22553,0.016882611169060476
22554,0.005053903901248623
22555,0.12728254338868442
22556,0.6950895683936236
22557,0.1595700115152116
22558,0.053201580097571595
22559,0.015972833274370685
22560,0.8990593137487847
22561,0.012378334598619844
22562,0.02845310495471216
22563,0.17905595991046858
22564,0.028307824203145593
22565,0.41729747934792855
22566,0.4119691139038582
22567,0.12602765383571923
22568,0.5731870847063699
22569,0.3668582547077888
22570,0.010795128891544582
22571,0.011882491415754788
22572,0.1213773500607231
22573,0.14478851352592254
22574,0.005196255131754224
22575,0.18724745642257085
22576,0.27735401054125147
22577,0.9443705358270911
22578,0.0288014748027664
22579,0.010515127530229824
22580,0.08585967433955315
22581,0.004022791750491919
22582,0.016554980331267975
22583,0.4611507246475393
22584,0.13931520469089906
22585,0.07294178808008203
22586,0.13910477716976918
22587,0.004750735164636563
22588,0.02592163773360284
22589,0.0476236338849851
22590,0.1487446549721657
22591,0.004510733715690169
22592,0.9057411687008222
22593,0.6282897345294794
22594,0.0036176910082140364
22595,0.4301425976399078
22596,0.26897843086111833
22597,0.010541754270882926
22598,0.007231091026039174
22599,0.8520631218989692
22600,0.006470682409404111
22601,0.03242597515063917
22602,0.00403056024179668
22603,0.011735138949989754
22604,0.012063566531068479
22605,0.8896800431732587
22606,0.4134076040505041
22607,0.015656940444947084
22608,0.0958440004364041
22609,0.006428396671250065
22610,0.16860628865408678
22611,0.03947406595627094
22612,0.09173617885600782
22613,0.05157928550711544
22614,0.04010207266448454
22615,0.9459152359793443
22616,0.01599110670078156
22617,0.0665238417339815
22618,0.3139831135277215
22619,0.019684457239937246
22620,0.9709110325495048
22621,0.02098926832701452
22622,0.839790208151274
22623,0.051486882832704396
22624,0.06377016769931292
22625,0.27575303020077074
22626,0.009761645880343608
22627,0.018520288083909053
22628,0.6657789088283326
22629,0.7207732271411147
22630,0.029564290834988495
22631,0.01068307823709956
22632,0.02833918128807214
22633,0.5347924651270118
22634,0.6237807274293863
22635,0.004623083121891083
22636,0.021910242651502924
22637,0.01596424972598981
22638,0.04218065788586436
22639,0.3330112992146021
22640,0.004392049035302749
22641,0.004586436514264871
22642,0.015789357051667775
22643,0.8524895007121315
22644,0.6985916576643528
22645,0.012018391353833533
22646,0.010418119308589657
22647,0.009499225283781334
22648,0.025727627730617843
22649,0.030656884095671563
22650,0.7541759288008594
22651,0.4946383344658386
22652,0.7532818442085306
22653,0.2891096819565731
22654,0.025498776837382088
22655,0.19194114893310463
22656,0.44938407862349683
22657,0.026010909946929103
22658,0.01121934524338698
22659,0.08614230314771591
22660,0.5820692451114023
22661,0.014620077252777768
22662,0.0631866368064145
22663,0.005532081229134321
22664,0.45113516896097283
22665,0.38177830962666254
22666,0.006892183441645506
22667,0.07612969164044238
22668,0.004988793825391034
22669,0.43108200929987767
22670,0.008981885682452005
22671,0.7248027245913892
22672,0.13030231075201465
22673,0.08297379692188336
22674,0.019715087012351532
22675,0.10231131913952718
22676,0.2145283418876242
22677,0.05355066548672673
22678,0.17628050360168493
22679,0.01180020632049286
22680,0.3423992690059856
22681,0.00925737101695903
22682,0.007303309894779162
22683,0.09500301102263155
22684,0.028994718551423878
22685,0.5528547871379004
22686,0.02363242997659329
22687,0.47488679492825797
22688,0.4670403814680628
22689,0.003767706550621088
22690,0.07295403512781162
22691,0.7800219885473528
22692,0.003933137558206111
22693,0.005591986127991436
22694,0.96435719316992
22695,0.020528702353705044
22696,0.02611587364940227
22697,0.04566658358957429
22698,0.015404043603062864
22699,0.39111813458720673
22700,0.009807983263079611
22701,0.013243885536530563
22702,0.027970060483914327
22703,0.11142527717340435
22704,0.014453633827982154
22705,0.010973271577547771
22706,0.2109729136557991
22707,0.3480889777541127
22708,0.02673093619649271
22709,0.005224318382964607
22710,0.8054135031635031
22711,0.1497709658591237
22712,0.004116898479237207
22713,0.015178977416397255
22714,0.030201507357464977
22715,0.5073747287270409
22716,0.1001951328527054
22717,0.7119095196616421
22718,0.39563529539955306
22719,0.017491131734864808
22720,0.3020351612507298
22721,0.2398160748364441
22722,0.3316735965572247
22723,0.7570312448159362
22724,0.004263877033466316
22725,0.8317980633735073
22726,0.06313632082545952
22727,0.01667747282036874
22728,0.11476901767479247
22729,0.005013352127116637
22730,0.7514807251653185
22731,0.13801850861032006
22732,0.024139815750550162
22733,0.01111720549974755
22734,0.08685166806766534
22735,0.095557711058763
22736,0.26722951349951346
22737,0.28503617678731774
22738,0.0055247214567854565
22739,0.0252663384526295
22740,0.5035524225626113
22741,0.02724995823223224
22742,0.016749179181683796
22743,0.13293727661812496
22744,0.038774651258643725
22745,0.22447158994302438
22746,0.1607857573653977
22747,0.08109049678563306
22748,0.020576671791211212
22749,0.005417105077906235
22750,0.1821445885428098
22751,0.14780467267338396
22752,0.19621311359749544
22753,0.025030353172528504
22754,0.01936730113795625
22755,0.32114113433325886
22756,0.8058251780190677
22757,0.007993609348365363
22758,0.08295687600986651
22759,0.0098100034955117
22760,0.37176341538369967
22761,0.033207811243182395
22762,0.0855542139420158
22763,0.02188843678003698
22764,0.0071225076018242815
22765,0.5245636156727485
22766,0.010783440852396891
22767,0.08383830800857804
22768,0.054389429872346184
22769,0.007423350540194633
22770,0.029946121048848334
22771,0.06450192667301512
22772,0.03787317599366238
22773,0.04291699323998581
22774,0.026227152498390787
22775,0.9686997278788471
22776,0.4710978234572945
22777,0.5645346455232088
22778,0.04744875427520565
22779,0.9218643080412344
22780,0.034869695510380466
22781,0.014033792856951529
22782,0.8484320357257944
22783,0.8596723228081732
22784,0.34781207858487206
22785,0.22623541951630433
22786,0.9455246656603176
22787,0.07928267437203292
22788,0.01492435733862426
22789,0.1586808136461989
22790,0.00950603220271829
22791,0.7694990306585077
22792,0.00956527485852663
22793,0.010925620318977354
22794,0.030189066771264535
22795,0.7881645878741682
22796,0.20938182043973158
22797,0.028422416439576933
22798,0.12331390286106743
22799,0.03497122446167104
22800,0.01656650268465446
22801,0.9249527949335875
22802,0.4072763802540384
22803,0.012047205017695746
22804,0.09738897893290405
22805,0.011392407884419191
22806,0.5019988133596268
22807,0.03764771212065102
22808,0.21133240464318137
22809,0.2758348799911277
22810,0.008944764336268294
22811,0.022529066992231825
22812,0.015067700174346879
22813,0.008651290067377325
22814,0.15789434353168855
22815,0.2429586220700935
22816,0.96572060633002
22817,0.03241227571546509
22818,0.030440077115064124
22819,0.3191648055826562
22820,0.010091256756443602
22821,0.20489800748472703
22822,0.04153877714789052
22823,0.05359735469854994
22824,0.03746370007446633
22825,0.13545409200874572
22826,0.017970977727727534
22827,0.05795953284744521
22828,0.03945512225097161
22829,0.019711677496707783
22830,0.8109335978996269
22831,0.01026618889783324
22832,0.2241829864856287
22833,0.2449377390876493
22834,0.004625510431577881
22835,0.08022198666279427
22836,0.08434373232222211
22837,0.004082100134068473
22838,0.013743715500001119
22839,0.06518512728772356
22840,0.10557120975499185
22841,0.6264550875871061
22842,0.11774400901175705
22843,0.028083135864102125
22844,0.23463277768212162
22845,0.017041152820947557
22846,0.5492625720804434
22847,0.2451298001153067
22848,0.02627494212483132
22849,0.006184731890641789
22850,0.030617739821420607
22851,0.5872609280096105
22852,0.008771286756084984
22853,0.11309259076440574
22854,0.017409205658551766
22855,0.13171828734471208
22856,0.24304726959358547
22857,0.737293441712176
22858,0.016900315767300993
22859,0.013975795885882259
22860,0.6214498452220572
22861,0.02670896071852231
22862,0.017545719576076826
22863,0.33984369042023066
22864,0.5156170942172581
22865,0.08750815902532906
22866,0.07039700008350876
22867,0.6096897320951811
22868,0.0547212389627929
22869,0.035967357148572035
22870,0.9557539010556896
22871,0.0077736303076797455
22872,0.7796402994481647
22873,0.01470919471822273
22874,0.4390076085016295
22875,0.014718535710777721
22876,0.016080480072659532
22877,0.1650355465897233
22878,0.07887612854344958
22879,0.06040284174054118
22880,0.0845872607510643
22881,0.7416128841418237
22882,0.06734056521200645
22883,0.24525214621465302
22884,0.011675674996825543
22885,0.02036023954262144
22886,0.004268981915446157
22887,0.8043883273086534
22888,0.012125462784090135
22889,0.006923110498028437
22890,0.0366039438426782
22891,0.07146512847030641
22892,0.9342684416621095
22893,0.008871446446653934
22894,0.07266019032304803
22895,0.43439124795919104
22896,0.01545690130023749
22897,0.012805523545926978
22898,0.34998775651821373
22899,0.9818598856806398
22900,0.013070483798380696
22901,0.16442817110333
22902,0.018642715384117832
22903,0.026220136194582612
22904,0.10888382304866658
22905,0.005125944320178658
22906,0.9048509709337127
22907,0.632993185765645
22908,0.09557550967449374
22909,0.052370112451979256
22910,0.09370666601545617
22911,0.022498308882145785
22912,0.01240980507809781
22913,0.015288888971603503
22914,0.02739221101803706
22915,0.019391574683785134
22916,0.013369772003479613
22917,0.47867394781303196
22918,0.322355650175801
22919,0.07102215762477873
22920,0.09184221377558488
22921,0.14230783378368556
22922,0.027722893390906632
22923,0.09380321497325789
22924,0.1328840827151387
22925,0.021255041427586507
22926,0.09199239549196726
22927,0.6869496100041154
22928,0.005433711352542106
22929,0.8400378585029294
22930,0.006702200478649964
22931,0.09436073681511857
22932,0.020499416419249447
22933,0.05113451152716917
22934,0.025411672117637306
22935,0.020239019014739172
22936,0.10012844030881098
22937,0.10767653102477899
22938,0.021944284437013083
22939,0.3719519977146013
22940,0.005488630943626648
22941,0.2786025670838578
22942,0.10036221498593514
22943,0.027060836069265876
22944,0.1226812138399444
22945,0.01418060317911614
22946,0.09815887863398455
22947,0.012385040097752799
22948,0.015126762906092274
22949,0.011677181370516194
22950,0.013647854609564776
22951,0.017812580817034507
22952,0.026127817404764827
22953,0.012734175851574058
22954,0.005602026692978792
22955,0.010254421236358037
22956,0.08661275913015394
22957,0.08387805222228019
22958,0.02474748877863482
22959,0.2719791669639578
22960,0.6186919500824996
22961,0.05772991541220382
22962,0.03902846036239542
22963,0.06175913093225383
22964,0.019436087682411774
22965,0.03477931783311738
22966,0.052209628660271595
22967,0.006502815283774515
22968,0.06880695535383605
22969,0.8214819897483429
22970,0.056899965639835653
22971,0.12915302726459468
22972,0.0532702507638175
22973,0.4559910977857205
22974,0.013603701434889101
22975,0.933159325922701
22976,0.2472044495561067
22977,0.9409375484567714
22978,0.8362948417315491
22979,0.07642164617448756
22980,0.060594452249691455
22981,0.6716649001945383
22982,0.014450930975194754
22983,0.2540979145137058
22984,0.5944080929357851
22985,0.28392746025455273
22986,0.024654636372535427
22987,0.9130084318025021
22988,0.01571335523353471
22989,0.04227699106878251
22990,0.10817800015805856
22991,0.006470789496523655
22992,0.023047678140425534
22993,0.06525016613706516
22994,0.018767745671508154
22995,0.1789751903217139
22996,0.723223079431022
22997,0.32570305388297993
22998,0.3978793212024758
22999,0.020597485405033925
23000,0.57169938072929
23001,0.022752401771155447
23002,0.07767665679456635
23003,0.00418894680206811
23004,0.7708548196727092
23005,0.13052232040134984
23006,0.05682154656721616
23007,0.02943423067937068
23008,0.19881147188032566
23009,0.09689638618070337
23010,0.8453592114790489
23011,0.040645265985321276
23012,0.06862804731065852
23013,0.01739792749695781
23014,0.005271482163845589
23015,0.08048576306370996
23016,0.1185074427432721
23017,0.08888237326390212
23018,0.3820643258174744
23019,0.3579856189155223
23020,0.5623119843464076
23021,0.004792971307502294
23022,0.04891586448739135
23023,0.021134198127350498
23024,0.15037908767986036
23025,0.9195280000859566
23026,0.027228535969785094
23027,0.6743544339432498
23028,0.7435220112842593
23029,0.91821996732521
23030,0.0650249435472418
23031,0.005112759342145445
23032,0.23345468399021363
23033,0.17557786006186352
23034,0.9015169755814676
23035,0.017340271713966234
23036,0.01783512530200503
23037,0.16942819979745097
23038,0.049954634253458974
23039,0.01483880953282189
23040,0.8065874252155851
23041,0.08866782104258959
23042,0.031791453751399586
23043,0.13190133820964783
23044,0.03965949583260305
23045,0.02519424856487852
23046,0.7593908441045184
23047,0.959566380094026
23048,0.20501254226979834
23049,0.019483282374063757
23050,0.0897235492578811
23051,0.026113144123114038
23052,0.4953602738542146
23053,0.020159493069753717
23054,0.02386990757960478
23055,0.015988393463672087
23056,0.25853237517138683
23057,0.006287889427613397
23058,0.4215495146131416
23059,0.08900649131421381
23060,0.004858002254396559
23061,0.031691655790025884
23062,0.010894007377875513
23063,0.8895744406528907
23064,0.7245268878295874
23065,0.1770015646474622
23066,0.0106582662331328
23067,0.012826676328062565
23068,0.19967053184314917
23069,0.008688816349034179
23070,0.9111578275491684
23071,0.44467554641457113
23072,0.19186024335360446
23073,0.007115997592560186
23074,0.07719528012923067
23075,0.006634747512712917
23076,0.015046827361574557
23077,0.02507090232962049
23078,0.014218376475850057
23079,0.7960408327656501
23080,0.24933416461442262
23081,0.023856008709602184
23082,0.8817976452691562
23083,0.1342593407730974
23084,0.6306092590792667
23085,0.011021308465076571
23086,0.005480115834767525
23087,0.9297178538094135
23088,0.25950960258527717
23089,0.02756411414881347
23090,0.3206152372539596
23091,0.23087554726671203
23092,0.08128374288280378
23093,0.12856688626325735
23094,0.6392347398265206
23095,0.25372404795264963
23096,0.021159861027464925
23097,0.15991242238421052
23098,0.006971841249053654
23099,0.3979162752212486
23100,0.9543747725647275
23101,0.016424088457713155
23102,0.012744946027012694
23103,0.09218205762697783
23104,0.8174441796977782
23105,0.011129142192363056
23106,0.04853344499725401
23107,0.4680421300049919
23108,0.809294001936542
23109,0.6816430661734106
23110,0.7339080222669842
23111,0.5766390948879029
23112,0.20547722931932533
23113,0.015472094234211354
23114,0.13352344428682747
23115,0.02144240181489015
23116,0.0684396070234127
23117,0.028776803770611828
23118,0.035932405432920825
23119,0.7466505643523239
23120,0.6110250509618492
23121,0.23745091856716538
23122,0.01797750688376191
23123,0.011579393274869242
23124,0.20539640466515344
23125,0.061485759840381904
23126,0.3340444686603107
23127,0.028017974797706915
23128,0.031831118561626036
23129,0.011167141291404094
23130,0.00413270925918193
23131,0.012832778005263484
23132,0.037413326166389045
23133,0.4502966822334191
23134,0.09058832795051668
23135,0.5952947308693401
23136,0.28457353425799137
23137,0.02800371226301433
23138,0.004957492018261805
23139,0.1248955078791958
23140,0.011038603822980062
23141,0.010601686924751077
23142,0.057308410055788385
23143,0.02157769493901694
23144,0.04405101439380982
23145,0.05726407115402596
23146,0.27786778601161877
23147,0.014995065548616751
23148,0.013059466860800475
23149,0.02986464612788686
23150,0.018437272177796907
23151,0.02712724852790926
23152,0.01589084532585478
23153,0.06196870652871388
23154,0.5678987167213781
23155,0.11030766256219948
23156,0.08547101539952344
23157,0.010664678906096823
23158,0.05540180612309301
23159,0.09202829910852131
23160,0.043726850432217065
23161,0.07093345823749213
23162,0.5476688938578511
23163,0.10326804269555251
23164,0.0173635261936926
23165,0.05409335107700779
23166,0.0123991984645104
23167,0.0037944646458312236
23168,0.0098673047569444
23169,0.2901309162526127
23170,0.5154891973388576
23171,0.11081274355171593
23172,0.08900278069533472
23173,0.01950674849199417
23174,0.7307010675873703
23175,0.009897762155031182
23176,0.05210822200273015
23177,0.023886223393020357
23178,0.21808098549087945
23179,0.4254634470721311
23180,0.09735155102273828
23181,0.023966588673582985
23182,0.021331475704351625
23183,0.2745075891449141
23184,0.3893456164634534
23185,0.014480276912639723
23186,0.08010687484608577
23187,0.010092162875066913
23188,0.3047204185093609
23189,0.009020255078787032
23190,0.4220661881844566
23191,0.6987413024674228
23192,0.019754056700394037
23193,0.8891634892443504
23194,0.5937402906054711
23195,0.3358830473757529
23196,0.06785848009443371
23197,0.2680314717266137
23198,0.5741250613712245
23199,0.013960264118908836
23200,0.024009212457393892
23201,0.11191447877966887
23202,0.11733716353514206
23203,0.0590210406541008
23204,0.14546528370160494
23205,0.06316171057212759
23206,0.39727274979692223
23207,0.4478673055871111
23208,0.13309336732330737
23209,0.022867522313992993
23210,0.018601950652415645
23211,0.7120680330045552
23212,0.29777852412891753
23213,0.015621860221016972
23214,0.02226405007940592
23215,0.007024337391998802
23216,0.07546033266163453
23217,0.005576954622944746
23218,0.3890050345282768
23219,0.0039048989320686167
23220,0.059961016146338295
23221,0.7783937329563203
23222,0.16820587594111452
23223,0.8733680878289778
23224,0.01882694456105614
23225,0.006778352475063884
23226,0.2712035036756733
23227,0.1167796499227665
23228,0.3820879685298085
23229,0.06270634948532933
23230,0.06723805561467118
23231,0.05807720950226856
23232,0.009257014660338988
23233,0.005301298110099955
23234,0.02724664420676182
23235,0.186661364529077
23236,0.878866787432807
23237,0.5449446728583692
23238,0.046519312832026885
23239,0.007938584966489049
23240,0.26847680355536613
23241,0.004549840308391128
23242,0.03737521734572148
23243,0.06109801435069878
23244,0.011197516074920205
23245,0.09130916491807016
23246,0.012999797233425614
23247,0.06915164307407552
23248,0.3739382116123685
23249,0.009797223975582272
23250,0.011193942438354856
23251,0.1822417134935207
23252,0.8670538835101056
23253,0.23729117631621005
23254,0.08277403236730758
23255,0.6250006594496845
23256,0.012322944271894279
23257,0.720783528947668
23258,0.12807265126063047
23259,0.0451220852511622
23260,0.16147787951477735
23261,0.1393348873555953
23262,0.019603648971843853
23263,0.7368932828709944
23264,0.07623167896320149
23265,0.636373161911651
23266,0.42909124300622226
23267,0.26992643262400234
23268,0.2121974688875639
23269,0.0751115114792848
23270,0.03561782232325476
23271,0.3111614097493776
23272,0.012585887291467073
23273,0.34300586088044244
23274,0.04060775962293894
23275,0.10521216062941532
23276,0.062166866461285386
23277,0.5681961172339439
23278,0.15330827007524245
23279,0.576708725882998
23280,0.2006697942146729
23281,0.020211022556654586
23282,0.027756159021122707
23283,0.029415716158607687
23284,0.13677685990953856
23285,0.026258378949726977
23286,0.08076832413795644
23287,0.02666312045305871
23288,0.01526511796438786
23289,0.0218368984417559
23290,0.011504557065586818
23291,0.23793807954137539
23292,0.22799741932792358
23293,0.03784880462340698
23294,0.9483385215275298
23295,0.05326279820544795
23296,0.008333434539641216
23297,0.059850767762800156
23298,0.18006638944126338
23299,0.014426552996180175
23300,0.017706733736656634
23301,0.02109449101553253
23302,0.039187888773061806
23303,0.022933586671663023
23304,0.06096983019814204
23305,0.15444702013035833
23306,0.03023826894737142
23307,0.04428680931495768
23308,0.018947185859369175
23309,0.07844336892418392
23310,0.013220900862925787
23311,0.1391115365547908
23312,0.7615157276329592
23313,0.05278330659344304
23314,0.6175808955527551
23315,0.797772924472871
23316,0.8900920231920263
23317,0.025250215367143586
23318,0.5616990127712019
23319,0.03676465112719888
23320,0.011975312961840213
23321,0.01264061027594355
23322,0.768001646213245
23323,0.07665621371446417
23324,0.30605692663505524
23325,0.0241084285990546
23326,0.15187083544460067
23327,0.021885312806382774
23328,0.2946573122501082
23329,0.023260481074619248
23330,0.17080442904002846
23331,0.012240903612258247
23332,0.20142938833251653
23333,0.8326795099554072
23334,0.2353072540640673
23335,0.014386139838912184
23336,0.6246904249560444
23337,0.551777298135566
23338,0.03817388496326688
23339,0.029598113734522348
23340,0.12183333063027281
23341,0.8433125422356532
23342,0.0953253395839455
23343,0.010043926386018087
23344,0.15646891541054442
23345,0.20970064489742882
23346,0.016920409990902812
23347,0.03212065336070563
23348,0.04944549762798365
23349,0.3105397128930441
23350,0.011145545609537124
23351,0.06564549930271482
23352,0.019168007440071192
23353,0.013324329408344904
23354,0.1771014268276444
23355,0.028190738421029246
23356,0.010788845135652895
23357,0.16888709267166313
23358,0.09689308185860587
23359,0.9179335242543282
23360,0.019212455409214582
23361,0.008795491470057449
23362,0.024093327798212386
23363,0.2968690010100603
23364,0.014189815220995043
23365,0.01563053615258058
23366,0.044870576578614756
23367,0.07661643973895046
23368,0.29550297774866074
23369,0.01890332369405617
23370,0.8993593417475245
23371,0.5269417117627391
23372,0.01658071252454604
23373,0.03130650204801726
23374,0.01992597617926305
23375,0.6185790471041368
23376,0.7954298623155579
23377,0.9647240593101545
23378,0.4257439569767516
23379,0.005126996436740595
23380,0.20576182301716264
23381,0.9670959594451347
23382,0.08646191308427298
23383,0.016909465971691347
23384,0.054732145985823794
23385,0.24333136961163337
23386,0.04200625916343727
23387,0.019624499325712003
23388,0.23631938081945633
23389,0.7739910297482828
23390,0.0505257030192818
23391,0.03317740095282558
23392,0.02383165956342897
23393,0.5465093128822531
23394,0.01016178390831948
23395,0.0058270325873705855
23396,0.015724623197660867
23397,0.3287185823910186
23398,0.0048857843828048345
23399,0.045036105361804225
23400,0.11048509220827533
23401,0.9291017491889094
23402,0.051939412651929785
23403,0.057212224379046356
23404,0.010695987851748547
23405,0.03512324656343731
23406,0.013088227764254303
23407,0.2071740663878293
23408,0.11144120503362201
23409,0.8003851285985131
23410,0.04092925179563046
23411,0.011357029528404998
23412,0.9563025331038142
23413,0.5894886193903219
23414,0.05872347892719653
23415,0.0057785525012749184
23416,0.030487985512065788
23417,0.03278061226617793
23418,0.059780676641521896
23419,0.020836155786992955
23420,0.34927722079455753
23421,0.020511442765359766
23422,0.015351319175783473
23423,0.4420430490942956
23424,0.027244334043946612
23425,0.06364368182743264
23426,0.022947638616789102
23427,0.12705752765314865
23428,0.6371393763093793
23429,0.7235707380308014
23430,0.04280159938664656
23431,0.0034302873934531435
23432,0.5892860455353275
23433,0.5557499388209127
23434,0.014191898063441679
23435,0.48331850249238817
23436,0.0038153693430373957
23437,0.9339968105472246
23438,0.0051306378270836
23439,0.06867037778885239
23440,0.4184999187027722
23441,0.006112193672921007
23442,0.0033979347696227553
23443,0.37104874089229484
23444,0.02862800825282611
23445,0.0659684410101963
23446,0.12998117750131222
23447,0.003898464208558301
23448,0.034987521463375845
23449,0.7541224839701279
23450,0.11219366691657072
23451,0.7582770363736704
23452,0.007504868476063661
23453,0.04543077058871984
23454,0.024697136478565817
23455,0.02643730286982227
23456,0.04205667801813423
23457,0.048785989097212094
23458,0.8129486197198363
23459,0.02483286843973862
23460,0.007300338003300051
23461,0.013947262436546473
23462,0.027483455671061603
23463,0.02012661608610716
23464,0.004618026127048156
23465,0.878028567700159
23466,0.07583688934350127
23467,0.8277252046529239
23468,0.014128019709289572
23469,0.23037918382033984
23470,0.05243163069614869
23471,0.016037189833836438
23472,0.03506250677944382
23473,0.005557842269261558
23474,0.020963579001539053
23475,0.004737182421125723
23476,0.20938108064861055
23477,0.005400181081261215
23478,0.0031369622713552227
23479,0.020188299696551722
23480,0.058741703371138085
23481,0.7022568606409517
23482,0.8776418513385648
23483,0.04405019216082054
23484,0.07538057855299508
23485,0.6935817234077856
23486,0.05635894727976889
23487,0.6439521541080941
23488,0.0173573180222571
23489,0.02418261989514795
23490,0.007064213238656472
23491,0.02267374171958214
23492,0.24993263764547813
23493,0.08653971837885081
23494,0.9275465516918162
23495,0.016258881762108168
23496,0.924969286616633
23497,0.030250571423361006
23498,0.10434454439902081
23499,0.5202834021933954
23500,0.8940565043909272
23501,0.6758853560884998
23502,0.0578784740076545
23503,0.5136862278046975
23504,0.04554037088123709
23505,0.0754217789757186
23506,0.018844185542444797
23507,0.0606100878617649
23508,0.004598266342819175
23509,0.020223589513113874
23510,0.8234830934030148
23511,0.01800744537140835
23512,0.223854942457857
23513,0.8276317406113434
23514,0.029590049755724643
23515,0.06701538581153904
23516,0.9351756893704544
23517,0.5121849172994731
23518,0.003958473673049734
23519,0.006012309707926284
23520,0.012248041564291426
23521,0.023562647633358625
23522,0.11188428541078838
23523,0.009283795957935497
23524,0.0666318127532723
23525,0.2815899534598926
23526,0.009681430972691358
23527,0.004446939259379784
23528,0.027179336331097682
23529,0.3146758299935911
23530,0.7413686077299253
23531,0.25532504840660064
23532,0.7919191629923082
23533,0.8071251105469824
23534,0.3045454088894589
23535,0.8512732454883154
23536,0.007129592152065931
23537,0.17997706925251733
23538,0.0031650063266404293
23539,0.681154822364836
23540,0.07024726277907017
23541,0.014727526308423312
23542,0.3887496603570549
23543,0.3269423932164368
23544,0.05820109073978694
23545,0.04996944452182965
23546,0.012564240698975328
23547,0.01687397065046023
23548,0.1855654548010555
23549,0.02415575264131569
23550,0.28505355789324094
23551,0.15692340913993533
23552,0.011039281006866797
23553,0.7653580041015224
23554,0.06514196722080139
23555,0.03282452921308027
23556,0.014124849913534769
23557,0.021525975503707398
23558,0.1435682956436932
23559,0.32856002671559925
23560,0.9256016376938612
23561,0.048804095110594074
23562,0.01005081666833297
23563,0.10260147785238644
23564,0.04167854931694673
23565,0.027352885209725973
23566,0.032009369542654154
23567,0.023682813552816175
23568,0.23043277883767022
23569,0.9333532807461757
23570,0.02362011221096364
23571,0.8496303429765841
23572,0.07773139102071634
23573,0.041175911566216285
23574,0.04405170556918685
23575,0.1519891066865369
23576,0.9507721314989511
23577,0.007386570620446658
23578,0.4710939669256593
23579,0.4757016801408465
23580,0.22292880863858408
23581,0.010925756556017097
23582,0.1456585010570003
23583,0.24231624290780412
23584,0.37740386344833754
23585,0.0754469463053355
23586,0.07371952958327849
23587,0.48293586112879283
23588,0.010845048222865455
23589,0.0044057356921680954
23590,0.035320922614309413
23591,0.020686605261137102
23592,0.023169348635931515
23593,0.18808237501719463
23594,0.7212604900040369
23595,0.5317331464253149
23596,0.9567887888603902
23597,0.0045240561670965435
23598,0.02779144943906796
23599,0.009861357213768652
23600,0.005730177326435768
23601,0.02208556994190155
23602,0.7412307231183497
23603,0.18731597699029914
23604,0.022862653128843544
23605,0.018666064037337
23606,0.024646997483780853
23607,0.41294071068755117
23608,0.05938068460674967
23609,0.024578019698692416
23610,0.1672755820463351
23611,0.045992553723459464
23612,0.6670724229318309
23613,0.6406547705437577
23614,0.015083093804231323
23615,0.012378531318860677
23616,0.5588508699520974
23617,0.013275392999301033
23618,0.9681790527634508
23619,0.869235168259751
23620,0.7127258346938816
23621,0.4460652156376619
23622,0.9321411383196554
23623,0.6961328581697284
23624,0.01844158550950656
23625,0.13360113275847163
23626,0.9170475643742759
23627,0.047773927341068445
23628,0.8516033125394901
23629,0.2213300491836192
23630,0.09773115636187837
23631,0.14565474518367078
23632,0.027180625462328953
23633,0.06148304369027438
23634,0.31745699233444014
23635,0.23607663680975915
23636,0.014489426117456938
23637,0.03226862814821682
23638,0.13602905963553685
23639,0.007369582845742058
23640,0.019232399631987265
23641,0.02879234107959849
23642,0.04462068528828952
23643,0.0786932127448012
23644,0.6969758083063889
23645,0.13550547761836995
23646,0.11468929016939639
23647,0.07316578624689328
23648,0.01600424241885668
23649,0.09745930172783183
23650,0.02052442416238067
23651,0.011212649730595804
23652,0.179842312547536
23653,0.08965468977478426
23654,0.1818273418461003
23655,0.042076415981092706
23656,0.09719873235002502
23657,0.0264313138928256
23658,0.10344881895129934
23659,0.03895458482590786
23660,0.023344090733972336
23661,0.012261416907882718
23662,0.03145623277887414
23663,0.14329848160886174
23664,0.012704219493507314
23665,0.03700724093885912
23666,0.016167420205081936
23667,0.024994170472165615
23668,0.19667864838438118
23669,0.005526365722561998
23670,0.5593312126548902
23671,0.931167074035234
23672,0.0775287322637856
23673,0.12071062120270906
23674,0.8310770288660511
23675,0.047847518228050986
23676,0.012483747427768123
23677,0.13331180412424884
23678,0.6364630816852138
23679,0.026156850454110633
23680,0.035870560164362256
23681,0.6173207844811404
23682,0.32326886618657236
23683,0.2746557073594082
23684,0.11902941692625246
23685,0.2706557275207662
23686,0.005754187075410417
23687,0.08071315321596932
23688,0.9459652514601834
23689,0.3799010276288514
23690,0.9002242772295207
23691,0.3670537958195081
23692,0.09200661269137228
23693,0.13384037826912215
23694,0.2312582881802651
23695,0.013062310273841183
23696,0.024759588814888454
23697,0.08535912276991224
23698,0.08885404255141262
23699,0.009362141572925616
23700,0.09646692880963008
23701,0.004805570334437489
23702,0.8408903639626666
23703,0.004393109961623546
23704,0.1822023081920813
23705,0.00564949681559332
23706,0.2859832696156136
23707,0.007438191967226393
23708,0.21683517796423427
23709,0.8766236224436047
23710,0.09238903234083677
23711,0.5431953315156067
23712,0.1256237687595162
23713,0.5462311245370656
23714,0.911983553312503
23715,0.02721343835423756
23716,0.669212601839338
23717,0.08842532605797178
23718,0.04409016680843779
23719,0.6025046106902812
23720,0.6421358138231884
23721,0.04956065316286658
23722,0.07094945424633198
23723,0.2984174961518478
23724,0.13072190626288235
23725,0.022937798931013255
23726,0.02163532637835871
23727,0.023921192985236064
23728,0.9392449670124356
23729,0.0195734915111243
23730,0.16057559845042046
23731,0.569346200221632
23732,0.014424441655706735
23733,0.024680112803400253
23734,0.012679758120258478
23735,0.06351495954564705
23736,0.2759420936310028
23737,0.031057475800859935
23738,0.6072477414330989
23739,0.014599068702382378
23740,0.6307641742476016
23741,0.13926203389117078
23742,0.046314793442667784
23743,0.016654569706396952
23744,0.7521748726620153
23745,0.3846784480560651
23746,0.7048554037592707
23747,0.02780622298763412
23748,0.651359613027115
23749,0.014493035046270801
23750,0.4287880753919534
23751,0.7090110929425935
23752,0.04325480799760199
23753,0.07474549222916546
23754,0.11723357739799342
23755,0.008375133044641504
23756,0.6555985444748212
23757,0.1546366100286659
23758,0.027162131618875464
23759,0.08833855050748537
23760,0.2848172812037687
23761,0.22870748354237663
23762,0.019750323412774207
23763,0.019378488644823732
23764,0.005544286981048082
23765,0.011438013105730506
23766,0.011740236810447833
23767,0.1142369007633341
23768,0.04334101223905265
23769,0.02096725715617785
23770,0.01802374914421195
23771,0.05519991496803133
23772,0.036001844800256644
23773,0.05017761986612949
23774,0.005250369605665952
23775,0.026135289791832404
23776,0.016852502714567244
23777,0.46467974976255794
23778,0.012813358885022474
23779,0.06333110975123354
23780,0.1727430349579123
23781,0.1587352500715819
23782,0.030082794292175263
23783,0.03295014427838107
23784,0.016543052097668282
23785,0.009371104947022705
23786,0.8816780670021462
23787,0.0399435350167995
23788,0.6855225330486903
23789,0.2510117351140842
23790,0.009760546436617768
23791,0.17665550993135312
23792,0.016301758127759226
23793,0.020625858250362016
23794,0.0047705839991402646
23795,0.8325625016948883
23796,0.043237953240428215
23797,0.5154107518836943
23798,0.8442496615726901
23799,0.8898421309607297
23800,0.008515053615735551
23801,0.7479311558120503
23802,0.003888431317815169
23803,0.004026786264183662
23804,0.13586807102724438
23805,0.04576311046155859
23806,0.005754566657678044
23807,0.004328188204537843
23808,0.015040648491335412
23809,0.015375187836762259
23810,0.5003657514334973
23811,0.10279894466434777
23812,0.7073698599577724
23813,0.016032012180937243
23814,0.03001219635502336
23815,0.00669598483980191
23816,0.01341782439935535
23817,0.05685790892054283
23818,0.30444987109254695
23819,0.04726708718876669
23820,0.2033767671930278
23821,0.019463851681002283
23822,0.9546958884021225
23823,0.054305919019269
23824,0.594925263391334
23825,0.011178556587661662
23826,0.06911171624598894
23827,0.742289693267556
23828,0.047162051762631406
23829,0.38223014009860323
23830,0.05013812455374125
23831,0.3408852945856469
23832,0.015969057555893368
23833,0.14820335603860063
23834,0.23445232398086543
23835,0.1176474333644509
23836,0.029308119197747336
23837,0.8020366397576352
23838,0.01229287868634793
23839,0.010967569211771342
23840,0.10771026701598045
23841,0.49746572039188586
23842,0.08332241745946843
23843,0.6981124161752645
23844,0.15397434933750692
23845,0.004607013083191539
23846,0.014068845514980223
23847,0.023933780634622304
23848,0.0320842336227827
23849,0.014605873693417475
23850,0.10447528065341945
23851,0.018344609159110476
23852,0.0043127471917093416
23853,0.02238768468759493
23854,0.049664317870471535
23855,0.016354469219081756
23856,0.39373867334596613
23857,0.11245792942351378
23858,0.0047945937156274685
23859,0.016984579597757107
23860,0.15492536856150987
23861,0.00696063899578928
23862,0.02830841565153121
23863,0.05190129227145948
23864,0.12001408693734844
23865,0.026461427306732267
23866,0.33376497788846193
23867,0.026539008986711295
23868,0.7050728004461686
23869,0.14676284264340933
23870,0.05041222571296958
23871,0.07530114609717525
23872,0.1407809101690634
23873,0.02259669063703526
23874,0.01360207984778101
23875,0.005166210674017486
23876,0.3556778161386572
23877,0.003562905711580566
23878,0.0056108136640888985
23879,0.9535114279968491
23880,0.5462387302969347
23881,0.25876818682401703
23882,0.030723887712670615
23883,0.006172932988011816
23884,0.016267770756856075
23885,0.02451742863084937
23886,0.08490994529031717
23887,0.6823730480251782
23888,0.04585508000495154
23889,0.004158698005680719
23890,0.07475296402721698
23891,0.015125675595258348
23892,0.02788191678844788
23893,0.8262328900194055
23894,0.2097049249058343
23895,0.005021381705623879
23896,0.011560077377437994
23897,0.037400827813771416
23898,0.02829061374951947
23899,0.0046572069631904385
23900,0.02731883766659299
23901,0.01730688973756978
23902,0.6014735391764295
23903,0.1407888551092694
23904,0.1803835424885979
23905,0.6954832259974087
23906,0.21431228826523022
23907,0.8688425485696767
23908,0.02564770697741839
23909,0.00563823517296823
23910,0.0267973545321553
23911,0.12430310262201257
23912,0.004435293135796959
23913,0.004086878414218736
23914,0.0229807409670763
23915,0.5769527314651177
23916,0.12429934292397156
23917,0.01093373864387847
23918,0.009873153422371262
23919,0.10496576941689888
23920,0.3953265677360342
23921,0.034750294075497026
23922,0.09611445702649807
23923,0.02943639749022399
23924,0.014802152370100826
23925,0.005213437251607158
23926,0.007220770336165058
23927,0.8719294256699871
23928,0.15484519967747054
23929,0.08195823300819727
23930,0.12854501467547538
23931,0.024631903643191642
23932,0.3011540471481252
23933,0.005694971860159064
23934,0.1411418462853874
23935,0.09772999369944678
23936,0.11921001146834546
23937,0.2190809704819715
23938,0.02461600824960143
23939,0.1778354514364554
23940,0.07302012871465907
23941,0.3081800283674495
23942,0.8418545437739157
23943,0.020013933951716106
23944,0.10546715208448268
23945,0.011003780798105765
23946,0.01114807423443828
23947,0.03323922130508141
23948,0.2868028187000192
23949,0.8044082786449016
23950,0.018053841582729057
23951,0.09098077346941957
23952,0.6744240513997586
23953,0.0629940468352685
23954,0.026880306911842372
23955,0.24173489374659055
23956,0.012421453572531452
23957,0.024043997807187734
23958,0.01968550756780188
23959,0.9162952334099336
23960,0.004647536985718377
23961,0.3716516052589395
23962,0.20695256762806014
23963,0.13902754550173374
23964,0.01482861126027695
23965,0.04329484907080567
23966,0.5733691803842201
23967,0.16866277598314727
23968,0.004699638939038744
23969,0.4649897951769216
23970,0.031841245532871
23971,0.3742505494790179
23972,0.75630071072038
23973,0.04803594319900854
23974,0.054964923470024345
23975,0.6261429971952791
23976,0.013215453135005405
23977,0.15168683960242735
23978,0.09824639243212666
23979,0.049745984297538154
23980,0.05440011516954384
23981,0.005510117700499088
23982,0.00914842007647435
23983,0.021581519865223154
23984,0.02424941100102277
23985,0.9350914447172107
23986,0.0192808441847407
23987,0.34863306026712026
23988,0.02074261036473671
23989,0.8107051387888495
23990,0.06744426878685422
23991,0.058791536163058315
23992,0.94613649618567
23993,0.1810613485445609
23994,0.4931033463035104
23995,0.03257089708418168
23996,0.053766623302693155
23997,0.020711022175195538
23998,0.9259604401648945
23999,0.8576011137774339
24000,0.011426934391705083
24001,0.5831395258771213
24002,0.051358200540812395
24003,0.3728148112087802
24004,0.03598136653647633
24005,0.08512964088384971
24006,0.013492349322832387
24007,0.013999534845505996
24008,0.186648056106378
24009,0.09769231264100352
24010,0.08664849641756836
24011,0.036021651223576874
24012,0.01880465154908906
24013,0.038071107448701166
24014,0.005801440135011358
24015,0.024844206631612895
24016,0.10736912046944148
24017,0.02673093899069544
24018,0.9602511414784669
24019,0.11247856621643287
24020,0.5789638742504235
24021,0.034250633699382096
24022,0.07906722438047059
24023,0.06929313158294444
24024,0.9072684511320326
24025,0.7558758181743989
24026,0.004234716544710467
24027,0.014349278015487075
24028,0.8741118296831987
24029,0.7907559769855707
24030,0.0695238060107618
24031,0.1041991756455675
24032,0.005844036708310723
24033,0.4817393174172018
24034,0.10030101740639391
24035,0.7856267758380392
24036,0.8680633975074536
24037,0.06108010401674879
24038,0.9688126028823896
24039,0.2399904834465167
24040,0.07303870011436552
24041,0.019157233233212376
24042,0.03487716763095937
24043,0.03758396141621535
24044,0.017784579810056232
24045,0.26940095140519726
24046,0.08002443932115334
24047,0.5492696525322391
24048,0.01781702882780754
24049,0.020795980941855762
24050,0.013804523315949382
24051,0.02125226274304166
24052,0.06763083625207825
24053,0.981184096985591
24054,0.07184239886946568
24055,0.013849297786920147
24056,0.012605476362860368
24057,0.8539992141381626
24058,0.004932348127760134
24059,0.02591110330924592
24060,0.010069349507139523
24061,0.49385245600715616
24062,0.01560239260951083
24063,0.010200719112705254
24064,0.11058920526016594
24065,0.004787825493047385
24066,0.5913283031607383
24067,0.26601558814544407
24068,0.13347200137150145
24069,0.6930467050179686
24070,0.00924950633864409
24071,0.020295220132721177
24072,0.12035673388519302
24073,0.020732974799519754
24074,0.0383362974800479
24075,0.8579062126378382
24076,0.10509738852912236
24077,0.111473391147488
24078,0.03634158348775425
24079,0.03789477759949176
24080,0.9229668446787014
24081,0.7607817490930059
24082,0.015325275708812687
24083,0.39908105573110625
24084,0.48669314538068886
24085,0.619018672382615
24086,0.07178939104570525
24087,0.03404265192653742
24088,0.03317250837738373
24089,0.6805121098292685
24090,0.2564839121012594
24091,0.014464186980165722
24092,0.010338894960942497
24093,0.01797608710195341
24094,0.4241948679791274
24095,0.015101518372221059
24096,0.02647087814931325
24097,0.024078128681560937
24098,0.019335278525550906
24099,0.020109568885249764
24100,0.019100408582371407
24101,0.008680268549931014
24102,0.02151775290509079
24103,0.18002614419205462
24104,0.9078054157682084
24105,0.011145628568721318
24106,0.15307640045051207
24107,0.057737541721241195
24108,0.031597954227275966
24109,0.077927168665188
24110,0.11043617689464053
24111,0.07584265253011137
24112,0.02422379307716703
24113,0.005875542468465199
24114,0.9056860673460619
24115,0.0638595770852921
24116,0.6257355866367075
24117,0.07685272915284806
24118,0.016650657960505383
24119,0.3266564071792605
24120,0.6898025493971813
24121,0.6319585256373859
24122,0.025535144420846704
24123,0.0139097309000473
24124,0.007718103330671462
24125,0.5618893660572991
24126,0.9495393834130137
24127,0.40589386033749697
24128,0.23490457875545614
24129,0.01456855820546984
24130,0.07582661694008994
24131,0.25145366274533576
24132,0.08380071444232007
24133,0.0525694915530765
24134,0.0038343255853785013
24135,0.19818908047733985
24136,0.10078095476684804
24137,0.006975783583749688
24138,0.6533923702672336
24139,0.022636620078973647
24140,0.026993271426513053
24141,0.01709564347402901
24142,0.30032854547746923
24143,0.01456941258490314
24144,0.47931569779873284
24145,0.07912097075520942
24146,0.7803732464126861
24147,0.33079353915167004
24148,0.017366116237548256
24149,0.027843737549285527
24150,0.029969341600095737
24151,0.03183169216534861
24152,0.15581150860726128
24153,0.11254834341655043
24154,0.22583732823884703
24155,0.14610469530904202
24156,0.00535188236660821
24157,0.08203140919166499
24158,0.004533566274701834
24159,0.7401549096977723
24160,0.004783542519963629
24161,0.09744554387149755
24162,0.025372164045484612
24163,0.16214337069946136
24164,0.10470867727773378
24165,0.00453553410392619
24166,0.08884978922706985
24167,0.0470392063627964
24168,0.016935718675077142
24169,0.14278122666058538
24170,0.006776251431728367
24171,0.35666958949139255
24172,0.3183597877120991
24173,0.004865273295510704
24174,0.05148224991308669
24175,0.014502559870327168
24176,0.47845246715148576
24177,0.07221118726924783
24178,0.07090742631723597
24179,0.011441669677410839
24180,0.04410020280087984
24181,0.007027590845584841
24182,0.014897057600972215
24183,0.020832147450246943
24184,0.9396993967353383
24185,0.08361597712380328
24186,0.031469159394136165
24187,0.811769885257165
24188,0.025099764900085392
24189,0.16072460070537592
24190,0.006660945231269606
24191,0.6232147362159332
24192,0.03749776355667225
24193,0.011881442765851402
24194,0.1732996886079893
24195,0.15813034477173138
24196,0.004342001027444863
24197,0.01479527179447867
24198,0.7196368805036666
24199,0.22018367905021727
24200,0.01580896108741743
24201,0.20777908029715306
24202,0.039809166108936235
24203,0.02096905398398881
24204,0.03849408301104342
24205,0.03341201314111166
24206,0.0044493480010133115
24207,0.1561794398024673
24208,0.32444569420790215
24209,0.7671919305825802
24210,0.16385483083517843
24211,0.012721298341313005
24212,0.016412812337568892
24213,0.02003027796471777
24214,0.368681132651203
24215,0.2798886398549665
24216,0.016446947445812835
24217,0.07245324265688875
24218,0.0375286892795246
24219,0.022331959570097874
24220,0.8867294472907378
24221,0.006600694820924017
24222,0.30431395186474086
24223,0.012730628357126928
24224,0.7876872406209756
24225,0.15565650937565498
24226,0.024592315075737906
24227,0.14332525654962724
24228,0.03231790818898399
24229,0.027612865612172802
24230,0.5737396691927592
24231,0.009402081709783707
24232,0.9250170651263757
24233,0.014260256644770451
24234,0.7371557868420695
24235,0.6058802012920248
24236,0.012393109358409558
24237,0.004923940103651015
24238,0.5238702564974276
24239,0.6181955639744917
24240,0.004588705743534253
24241,0.0899397377416941
24242,0.9424208221746595
24243,0.02122656609617896
24244,0.0045520956936389925
24245,0.34826777278352183
24246,0.6146637296766998
24247,0.0163924213883144
24248,0.3685419845575275
24249,0.011295786283985866
24250,0.008268136862348653
24251,0.010207789139797923
24252,0.3651795288430852
24253,0.6720856198341388
24254,0.012529873404093086
24255,0.5024888372824513
24256,0.3350416406566686
24257,0.021230533278463855
24258,0.09367145436440666
24259,0.009499624139726855
24260,0.042771155744689746
24261,0.03084375138618621
24262,0.08171788004985324
24263,0.01086780140263263
24264,0.010681901672574682
24265,0.6346483495639059
24266,0.092224428800051
24267,0.16232335887757876
24268,0.019497561023074022
24269,0.015477013514592958
24270,0.19022101410297002
24271,0.02164909351776621
24272,0.07475116080728898
24273,0.01595191754518426
24274,0.43817614954307155
24275,0.0537499823517139
24276,0.3807809849700372
24277,0.0435334748739517
24278,0.8530555330074334
24279,0.025291023427303338
24280,0.12148628858908632
24281,0.9841586239293736
24282,0.01260647907521415
24283,0.6504119167170711
24284,0.012876782029136738
24285,0.005830732888357828
24286,0.9167215268981083
24287,0.014948360551615258
24288,0.11593061001261956
24289,0.01566543934989212
24290,0.013850654590452286
24291,0.046275772734359864
24292,0.16541419410741615
24293,0.003949864305188401
24294,0.01731897222850262
24295,0.009452850543455392
24296,0.08085579233583905
24297,0.08568419395092562
24298,0.12427557460310912
24299,0.174814600069623
24300,0.05543993356112005
24301,0.9316002467659869
24302,0.0386898541220758
24303,0.01156896211039076
24304,0.009771265814823165
24305,0.018435048567420457
24306,0.0359310793925954
24307,0.004985125310174115
24308,0.3771766911444574
24309,0.1147075169431191
24310,0.10773363131769761
24311,0.33213238587266725
24312,0.9235171460828865
24313,0.022504147659474828
24314,0.020286488657579857
24315,0.09505460557366736
24316,0.04371521611251732
24317,0.01157070663201732
24318,0.8570911500607985
24319,0.8314962027828803
24320,0.05174660705184461
24321,0.011442301340296885
24322,0.004639954913064401
24323,0.004722002614521446
24324,0.07409881837797591
24325,0.006375090660072259
24326,0.16409950440459325
24327,0.1905313577039988
24328,0.026685699580601754
24329,0.7846024415059951
24330,0.2611443976078837
24331,0.08047748649961482
24332,0.01997993108479807
24333,0.014444232576540325
24334,0.19347176214115572
24335,0.7627481497948218
24336,0.23515794364278458
24337,0.2738594550302158
24338,0.6757248066880563
24339,0.5787570163458114
24340,0.0070084026609643505
24341,0.5009148272033364
24342,0.40557323169463944
24343,0.02083736438062686
24344,0.5467043295140612
24345,0.003198344324986779
24346,0.5936921978032775
24347,0.07130094852176057
24348,0.5093818907380596
24349,0.021629533233719266
24350,0.925517168113834
24351,0.0893410807954776
24352,0.513564453175785
24353,0.005603116784852599
24354,0.027015059066691202
24355,0.7978453178604092
24356,0.049395676787787945
24357,0.05686174126857195
24358,0.15592926915081437
24359,0.005118328062562779
24360,0.0942910117079131
24361,0.006216412649425866
24362,0.020975484754127437
24363,0.023507841624949757
24364,0.04980385164005421
24365,0.04427625426146399
24366,0.25119205586143417
24367,0.046888402365890446
24368,0.0261550811907161
24369,0.005220726676495682
24370,0.004432455688112274
24371,0.09084376906880572
24372,0.022979372324506742
24373,0.5906639755323498
24374,0.10192586198897936
24375,0.01725204933120934
24376,0.10108309187173013
24377,0.013884535288839593
24378,0.030244719434668582
24379,0.08371101705814807
24380,0.23253784450094475
24381,0.12380050400867573
24382,0.06130861125048039
24383,0.010405631008332507
24384,0.34819683859467815
24385,0.2079904807243124
24386,0.19218081050553512
24387,0.10686341820852142
24388,0.3892623311700718
24389,0.005508578077100188
24390,0.07647117419034526
24391,0.03883463948680425
24392,0.2219487715577028
24393,0.1022018399232643
24394,0.7636480022830509
24395,0.3739315480169069
24396,0.26922844335167767
24397,0.057855868050314216
24398,0.558963036715368
24399,0.14756710870719789
24400,0.01210867479181164
24401,0.8179509327917647
24402,0.004108745792407995
24403,0.4581070857327863
24404,0.03285578487444148
24405,0.982548509405983
24406,0.027167392587243867
24407,0.03210698411218345
24408,0.031229169919859533
24409,0.030178001672466075
24410,0.16056310808423582
24411,0.11212530258929736
24412,0.08520206562709004
24413,0.5881993599624915
24414,0.07486587847460612
24415,0.1595603153523091
24416,0.08979067938645846
24417,0.03921973549820002
24418,0.04027064378837322
24419,0.046943483658881215
24420,0.3996893661284375
24421,0.7038450345696393
24422,0.07292247076657828
24423,0.3468993371242525
24424,0.02547748435875871
24425,0.17178377672949285
24426,0.009955082272708492
24427,0.059926918554866544
24428,0.06550930898569955
24429,0.005600203881574383
24430,0.005496303398932092
24431,0.8131080673178026
24432,0.7333347692951088
24433,0.5644769025430313
24434,0.1407469117693779
24435,0.7343874004127102
24436,0.42768416449730984
24437,0.036923144596472925
24438,0.01675237967185268
24439,0.926054869406513
24440,0.10394109979236761
24441,0.35622943064144424
24442,0.13415943463433608
24443,0.019916370390994004
24444,0.12735087411596496
24445,0.009997465272740598
24446,0.06116075165701214
24447,0.016422208439479738
24448,0.18118126357307665
24449,0.6184270034591621
24450,0.005862679549118451
24451,0.004269506666783687
24452,0.14446226167454854
24453,0.05625550679055314
24454,0.14972579080973714
24455,0.0873085881659945
24456,0.04194453920008002
24457,0.19520661386700308
24458,0.042327774639572026
24459,0.01412008048300084
24460,0.6797259449818676
24461,0.03168285185979997
24462,0.08603768951665675
24463,0.015575902315680956
24464,0.1968508376370185
24465,0.14634126924866833
24466,0.689286833847578
24467,0.22075016322443364
24468,0.08474610445054045
24469,0.3433106133371036
24470,0.0646970213364807
24471,0.02868052039105191
24472,0.8375502845507006
24473,0.06813448227079709
24474,0.00812798528944907
24475,0.009590303248771262
24476,0.058821161294307034
24477,0.30594680360036114
24478,0.8977373521920391
24479,0.7295698533431876
24480,0.7212801286942826
24481,0.38442396140593926
24482,0.7002895343393812
24483,0.034843314699485546
24484,0.169643319530178
24485,0.02001453895270631
24486,0.023489683235057575
24487,0.29444550745671155
24488,0.004535787656238366
24489,0.7152039677193494
24490,0.03569731723533887
24491,0.7478882690081295
24492,0.03789525595366935
24493,0.603280304731781
24494,0.007409540311719703
24495,0.07339174717309198
24496,0.0141587980093335
24497,0.024010406259484886
24498,0.010286360422364279
24499,0.8448463512842964
24500,0.833196008061487
24501,0.9023691507488367
24502,0.04936032147344184
24503,0.02099258027604983
24504,0.8662609095700508
24505,0.12670048407045517
24506,0.09706296066822866
24507,0.48805671381300236
24508,0.24107273817573752
24509,0.011638209816905318
24510,0.07019438954857998
24511,0.3080429021854757
24512,0.014938769957807116
24513,0.026034191351144736
24514,0.04282998118301709
24515,0.3115884591604679
24516,0.025214532945060767
24517,0.0275402395811436
24518,0.013603255883252173
24519,0.040853211840268126
24520,0.01701499619394568
24521,0.016536303478441948
24522,0.015224075555224165
24523,0.06434456710767829
24524,0.02250930536802416
24525,0.023678157126246324
24526,0.011940477687018931
24527,0.025812039221071326
24528,0.0037233715926618576
24529,0.4338378669336663
24530,0.026014250331343344
24531,0.05489007048410687
24532,0.41311958545642247
24533,0.01781901448715873
24534,0.525873534446044
24535,0.06624672894497655
24536,0.022809842328760307
24537,0.34029247620902336
24538,0.726744716001294
24539,0.1328335469546495
24540,0.008643755884586114
24541,0.004510268317259924
24542,0.48800578899044067
24543,0.02403752134355427
24544,0.2854752252485612
24545,0.011666865748106763
24546,0.32691094985002456
24547,0.2479957391175174
24548,0.02226735591158385
24549,0.015070496865711526
24550,0.01858038415905947
24551,0.01733754451549181
24552,0.01637765414545928
24553,0.006975220186946889
24554,0.24545132732364447
24555,0.18720019249066225
24556,0.016613349435361965
24557,0.011113244271279294
24558,0.10255739019889941
24559,0.08543600178951481
24560,0.9345222626433787
24561,0.02137593821351331
24562,0.2989566195479551
24563,0.6718680273434317
24564,0.03837951265090053
24565,0.09607971956512723
24566,0.003063869309629128
24567,0.09895990148865867
24568,0.016744110012367842
24569,0.04963793221260825
24570,0.01051321538413523
24571,0.21263526471960262
24572,0.4938367517542563
24573,0.16580768969627774
24574,0.05333632503515481
24575,0.013118431816396485
24576,0.09733907303544412
24577,0.10834819993851523
24578,0.45850149612986996
24579,0.1342483641885675
24580,0.13697470968124395
24581,0.1428125803569828
24582,0.004589075363166989
24583,0.009338018365349816
24584,0.004152609754200027
24585,0.018032190102296227
24586,0.5089614014124955
24587,0.08668646483308913
24588,0.9474382883856424
24589,0.9600456156567955
24590,0.008044923372106546
24591,0.022696711513470552
24592,0.008179044938092435
24593,0.023342917211813988
24594,0.03827279411994193
24595,0.903995130744145
24596,0.03293556638764624
24597,0.02609453754703749
24598,0.007711401076237679
24599,0.45112913343225025
24600,0.8134072075964327
24601,0.3388588972846971
24602,0.1152595070296635
24603,0.11754749402937918
24604,0.08898590542848646
24605,0.07872310762468873
24606,0.0817384342818396
24607,0.14358131151860354
24608,0.15812488910598335
24609,0.12379212991344021
24610,0.7551485519361318
24611,0.025714178381604252
24612,0.007365880438656235
24613,0.33147581236848284
24614,0.6119616463120036
24615,0.055739968473679194
24616,0.01012282419739121
24617,0.5240504121961378
24618,0.9384299602046475
24619,0.009779229169611835
24620,0.44483502865918007
24621,0.019691658854324504
24622,0.005384147879517778
24623,0.5094998744677199
24624,0.012420425156374941
24625,0.04643126748963963
24626,0.1737609482651472
24627,0.9517190073400917
24628,0.21627797898487064
24629,0.0052355298644845795
24630,0.06173604492222637
24631,0.09037501730036329
24632,0.004845730154542237
24633,0.00942425625323347
24634,0.1259285962222104
24635,0.01342975739419195
24636,0.02548256697060005
24637,0.030815079338762756
24638,0.5935099345753898
24639,0.790353027566063
24640,0.1107493174744865
24641,0.003990209075687006
24642,0.007695958577048867
24643,0.005917086708071198
24644,0.007193473496838004
24645,0.016354229246192883
24646,0.04340348017951471
24647,0.018483352932981846
24648,0.11955597379355186
24649,0.023920442004697767
24650,0.00707356583565639
24651,0.9519329232727272
24652,0.2266604241025686
24653,0.8468412034368229
24654,0.3865888374896543
24655,0.3465432091759397
24656,0.9014449828940673
24657,0.009241380511421317
24658,0.061516412425956554
24659,0.017341534703222167
24660,0.01341831519612554
24661,0.15308817091002205
24662,0.024189407916625827
24663,0.03281624480397137
24664,0.006443586335822548
24665,0.7960977774795319
24666,0.4629783713627274
24667,0.18505281006113056
24668,0.2578034896462643
24669,0.057143904384959185
24670,0.18438932077926887
24671,0.05797886763987384
24672,0.8827683354127365
24673,0.04534971092903154
24674,0.01527775492046843
24675,0.3049296856047502
24676,0.7448771096012509
24677,0.061256764402963355
24678,0.03478663634188408
24679,0.0039610652959880385
24680,0.04216020179196867
24681,0.8840290695405195
24682,0.9446790239659043
24683,0.104273623676838
24684,0.7989139036365607
24685,0.12191713381429686
24686,0.01669811289507866
24687,0.022696188282200276
24688,0.27287283181310973
24689,0.2482002205779244
24690,0.41357725831513464
24691,0.4705883620841525
24692,0.037454287745915145
24693,0.04576969062425333
24694,0.01568871487986258
24695,0.023145180710554332
24696,0.005472305134392636
24697,0.014229299114486902
24698,0.009510017998615911
24699,0.019629213677104997
24700,0.17656780687146267
24701,0.004498144511793168
24702,0.61329054345783
24703,0.014818839183034192
24704,0.03941973647896433
24705,0.07766803163113174
24706,0.9634549371491197
24707,0.38786676197948355
24708,0.11223934255999936
24709,0.06757235889274313
24710,0.17202070353065554
24711,0.023015684429415345
24712,0.011823560034791802
24713,0.11544283049268365
24714,0.07521430129879735
24715,0.015391307488048239
24716,0.025356712428110547
24717,0.0328833839812763
24718,0.012227041574208336
24719,0.010582402413291954
24720,0.14049006483981122
24721,0.2670863865512919
24722,0.028754179770551756
24723,0.01592597192037237
24724,0.5867353901450757
24725,0.02668078427561968
24726,0.004469380672477422
24727,0.02707776722896006
24728,0.011084501718184023
24729,0.555121537533163
24730,0.44218467880106904
24731,0.2763032236347436
24732,0.011649691296251841
24733,0.005128400673534802
24734,0.03892526335741895
24735,0.026475704496496902
24736,0.055622039594059626
24737,0.5534309992610172
24738,0.004725993350532878
24739,0.3741921051934717
24740,0.014839262756948503
24741,0.03204247902960308
24742,0.011335326266368594
24743,0.13399693178619823
24744,0.08867844540536182
24745,0.02089985779906154
24746,0.004667141874220662
24747,0.00441717135931318
24748,0.33130778674675715
24749,0.05475771341396411
24750,0.7021777979195647
24751,0.042940967120337604
24752,0.05307310770967481
24753,0.6722843337776138
24754,0.024792434181557726
24755,0.037977407882007194
24756,0.948570030823262
24757,0.01585525139860048
24758,0.839087833217209
24759,0.2538888180314725
24760,0.025991955460937972
24761,0.21768633473300583
24762,0.009135642141804711
24763,0.004000099923154476
24764,0.9522472521309255
24765,0.020645993474807667
24766,0.7310799552497775
24767,0.7207601463677281
24768,0.01742828781347934
24769,0.7172167533866656
24770,0.07544126166359943
24771,0.23873988040735206
24772,0.17408355930101102
24773,0.08416642733297527
24774,0.9311552164148693
24775,0.8041750436201844
24776,0.01122167438970496
24777,0.023647735689293237
24778,0.03118879765739986
24779,0.119238537893322
24780,0.08465986627170766
24781,0.03560644660029874
24782,0.0364463953904192
24783,0.040722987666224085
24784,0.01462337198971507
24785,0.04718632830521721
24786,0.18624898291053063
24787,0.01637473756269088
24788,0.006173967198611666
24789,0.8777717926443924
24790,0.022820701674799958
24791,0.035965566665027454
24792,0.07768451044185261
24793,0.33914939637908637
24794,0.27471135507296235
24795,0.28332817855418463
24796,0.27033464509958327
24797,0.016218302324554
24798,0.013198799746399703
24799,0.028977045010226927
24800,0.7027047975563039
24801,0.4576255449474804
24802,0.24390546761451695
24803,0.005675674146874269
24804,0.03359343894365265
24805,0.006803810654317408
24806,0.08736171597961388
24807,0.028960219696159823
24808,0.9561153445913354
24809,0.0817716273655671
24810,0.009511342068686921
24811,0.10702879502398682
24812,0.42023118747896143
24813,0.01959813622896613
24814,0.06063110005112878
24815,0.055364922792597415
24816,0.022698746047927796
24817,0.17025938660754159
24818,0.08252031971526495
24819,0.9624708818608143
24820,0.010165238501701224
24821,0.8079307777146247
24822,0.012154725052014821
24823,0.07129129929174244
24824,0.012665710256174809
24825,0.033896262839907404
24826,0.02926355337623768
24827,0.027749007812283875
24828,0.0138857428147644
24829,0.0054701837463231266
24830,0.3751497959459599
24831,0.1871470121994698
24832,0.3021607546483047
24833,0.022186732429196297
24834,0.04177480413199699
24835,0.11493564163548294
24836,0.09066607262681668
24837,0.11767015243912873
24838,0.02703704232958705
24839,0.07183929461844073
24840,0.030627944034338207
24841,0.9034090579122739
24842,0.03684174607782362
24843,0.9290200802401521
24844,0.9357992236621222
24845,0.16829158764051957
24846,0.05808931112459412
24847,0.6848891298736197
24848,0.8548108620393309
24849,0.06311035008440012
24850,0.011939486804267851
24851,0.05866081861482871
24852,0.017314809967322323
24853,0.26115138946700794
24854,0.01385896688402983
24855,0.00953788667506607
24856,0.18331852984593996
24857,0.009873474861963372
24858,0.038978171096881835
24859,0.028827301147462573
24860,0.03772342066444674
24861,0.057789724078216406
24862,0.0106368127495062
24863,0.9656189443551496
24864,0.8151080136227601
24865,0.10795443418106102
24866,0.052941723847259016
24867,0.010756443930771731
24868,0.004144789979662356
24869,0.3243831801294853
24870,0.016016074472566
24871,0.24644332080852283
24872,0.014845686678269876
24873,0.3048093413793589
24874,0.3416406692732973
24875,0.06542023602105956
24876,0.034033655994124085
24877,0.15563865089557194
24878,0.16938994302430666
24879,0.2534223766839326
24880,0.1928633635133383
24881,0.2403158691289713
24882,0.06433886265193842
24883,0.03092717297588196
24884,0.6682795481587767
24885,0.024674098085312422
24886,0.20135215286254915
24887,0.010349340705429427
24888,0.12660572156265554
24889,0.030028364611891834
24890,0.31748009666794447
24891,0.0056720579261369496
24892,0.1068474573018724
24893,0.01796622416459365
24894,0.9442820268964296
24895,0.022116896845359214
24896,0.012360717332068012
24897,0.026406641577086217
24898,0.19505181188455903
24899,0.02679361821554674
24900,0.9091863907466398
24901,0.0412793088081066
24902,0.027002466355311082
24903,0.047705910380915935
24904,0.06452278790683835
24905,0.01606153317876633
24906,0.945601635793772
24907,0.012766373692354617
24908,0.21740951933036803
24909,0.20194079086747027
24910,0.009836374067164139
24911,0.21435685274868468
24912,0.13230022052385768
24913,0.1460822891547558
24914,0.5809230680904023
24915,0.11934643864149408
24916,0.10853870279070044
24917,0.9171358113934808
24918,0.7851294885805687
24919,0.7298463643699136
24920,0.07207830143810523
24921,0.013998353962386667
24922,0.7522822935984205
24923,0.45510222431063946
24924,0.028234788973579165
24925,0.46202666225499867
24926,0.16411310012098201
24927,0.042023245830260125
24928,0.029141664599147576
24929,0.02744627245571849
24930,0.0965235442138494
24931,0.018551512976878168
24932,0.17799423643053966
24933,0.1518324347774288
24934,0.02326829164560801
24935,0.00448080215264251
24936,0.013024676730520308
24937,0.01382558465843834
24938,0.9466001190774808
24939,0.20420177554404756
24940,0.007692779636824143
24941,0.09804626754845984
24942,0.019736560510344392
24943,0.7377050300150543
24944,0.10496826861890787
24945,0.11434590122180568
24946,0.1533564107031494
24947,0.003924896534504572
24948,0.13327504996624748
24949,0.06984972889770892
24950,0.013089269100586855
24951,0.07023334217602337
24952,0.0302387231762794
24953,0.827569150776122
24954,0.6116505231240191
24955,0.16345747480382208
24956,0.7705217074837586
24957,0.07213795246620706
24958,0.19199532113497197
24959,0.8523338130988662
24960,0.016697363857419094
24961,0.02551950634100813
24962,0.07233693750125872
24963,0.011358554549538933
24964,0.02881483542080102
24965,0.6630647202064581
24966,0.04184609671953633
24967,0.037124293144146
24968,0.14866536374144684
24969,0.02409685711141293
24970,0.1062305243361308
24971,0.5406972669193223
24972,0.035567207830187436
24973,0.004834954327417038
24974,0.9762586909560104
24975,0.01587287103574304
24976,0.342658706633577
24977,0.19493837483831444
24978,0.06997998162138037
24979,0.00977739778374675
24980,0.08586884085550645
24981,0.23159507576412441
24982,0.5349574416093538
24983,0.6259125942394854
24984,0.11482237053993352
24985,0.01557616337644778
24986,0.2395949604013844
24987,0.010186121477825725
24988,0.06054898273849874
24989,0.8896379370154841
24990,0.25133875198265665
24991,0.8383826614247657
24992,0.5869087690777319
24993,0.013270514686865742
24994,0.018025060050092866
24995,0.007968460969950771
24996,0.10738792835420796
24997,0.8815016655392938
24998,0.04698053008686332
24999,0.16173825510354484
